FECHAHORA;AMBITO;DESCRIP;CENSO;%ESCRUTADO;VOTOS;%VOTOS;%ABSTENCION;BLANCOS;%BLANCOS;NULOS;%NULOS;VALIDOS;%VALIDOS;EAJ-PNV;%EAJ-PNV;PP;%PP;PH;%PH;EK-PCPE;%EK-PCPE;PSE-EE/PSOE;%PSE-EE/PSOE;PACMA/ATTKAA;%PACMA/ATTKAA;PFyV;%PFyV;C´S;%C´S;EB / AZ;%EB / AZ;O.E.;%O.E.;EH Bildu;%EH Bildu;VOX;%VOX;ELKARREKIN PODEMOS;%ELKARREKIN PODEMOS;GANEMOS:SI SE PUEDE;%GANEMOS:SI SE PUEDE;LN;%LN;RECORTES CERO-GV;%RECORTES CERO-GV;ESCAÑO_25;ASPIRANTE_1;VOTOS_NECESARIOS_1;ESCAÑOS_EAJ-PNV;ESCAÑOS_PP;ESCAÑOS_PH;ESCAÑOS_EK-PCPE;ESCAÑOS_PSE-EE/PSOE;ESCAÑOS_PACMA/ATTKAA;ESCAÑOS_PFyV;ESCAÑOS_C´S;ESCAÑOS_EB / AZ;ESCAÑOS_O.E.;ESCAÑOS_EH Bildu;ESCAÑOS_VOX;ESCAÑOS_ELKARREKIN PODEMOS;ESCAÑOS_GANEMOS:SI SE PUEDE;ESCAÑOS_LN;ESCAÑOS_RECORTES CERO-GV
25/09/2016 22:35;00000;C.A. Euskadi;1714256;100,00;1067354;62,26;37,74;6663;0,62;4685;0,44;1062669;99,56;397664;37,65;107357;10,16;351;0,03;461;0,04;126139;11,94;8550;0,80;1819;0,17;21362;2,02;1281;0,12;367;0,03;224254;21,23;774;0,07;156671;14,83;6036;0,57;187;0,01;2733;0,25;;;0;29;9;0;0;9;0;0;0;0;0;17;0;11;0;0;0
25/09/2016 22:35;01000;ARABA/ÁLAVA;248580;100,00;151869;61,09;38,91;1074;0,71;1115;0,73;150754;99,27;42234;28,21;27812;18,58;0;0,00;0;0,00;19501;13,02;1494;0,99;0;0,00;4754;3,17;383;0,25;119;0,07;26803;17,90;774;0,51;24299;16,23;847;0,56;0;0,00;660;0,44;EAJ-PNV;PSE-EE/PSOE;1616;8;5;0;0;3;0;0;0;0;0;5;0;4;0;0;0
25/09/2016 22:35;01001;ALEGRÍA-DULANTZI;1986;100,00;1177;59,26;40,74;9;0,76;8;0,68;1169;99,32;403;34,74;120;10,34;0;0,00;0;0,00;143;12,32;15;1,29;0;0,00;29;2,50;2;0,17;0;0,00;241;20,77;1;0,08;195;16,81;6;0,51;0;0,00;5;0,43;-;-;0;0;0;0;0;0;0;0;0;0;0;0;0;0;0;0;0
25/09/2016 22:35;01002;AMURRIO;8120;100,00;5574;68,65;31,35;33;0,59;44;0,79;5530;99,21;2298;41,80;356;6,47;0;0,00;0;0,00;421;7,65;31;0,56;0;0,00;66;1,20;15;0,27;2;0,03;1367;24,86;35;0,63;865;15,73;22;0,40;0;0,00;19;0,34;-;-;0;0;0;0;0;0;0;0;0;0;0;0;0;0;0;0;0
25/09/2016 22:35;01003;ARAMAIO;1191;100,00;884;74,22;25,78;4;0,45;2;0,23;882;99,77;289;32,91;1;0,11;0;0,00;0;0,00;65;7,40;1;0,11;0;0,00;0;0,00;1;0,11;0;0,00;434;49,43;4;0,45;77;8,76;6;0,68;0;0,00;0;0,00;-;-;0;0;0;0;0;0;0;0;0;0;0;0;0;0;0;0;0
25/09/2016 22:35;01004;ARTZINIEGA;1408;100,00;947;67,26;32,74;6;0,63;11;1,16;936;98,84;389;41,82;99;10,64;0;0,00;0;0,00;57;6,12;9;0,96;0;0,00;11;1,18;1;0,10;1;0,10;234;25,16;4;0,43;117;12,58;6;0,64;0;0,00;2;0,21;-;-;0;0;0;0;0;0;0;0;0;0;0;0;0;0;0;0;0
25/09/2016 22:35;01006;ARMIÑÓN;174;100,00;110;63,22;36,78;0;0,00;3;2,73;107;97,27;18;16,82;30;28,03;0;0,00;0;0,00;12;11,21;2;1,86;0;0,00;5;4,67;0;0,00;0;0,00;12;11,21;3;2,80;22;20,56;2;1,86;0;0,00;1;0,93;-;-;0;0;0;0;0;0;0;0;0;0;0;0;0;0;0;0;0
25/09/2016 22:35;01008;ARRATZUA-UBARRUNDIA;778;100,00;480;61,70;38,30;3;0,63;3;0,63;477;99,38;172;36,28;82;17,29;0;0,00;0;0,00;33;6,96;3;0,63;0;0,00;10;2,10;0;0,00;0;0,00;114;24,05;3;0,63;51;10,75;0;0,00;0;0,00;6;1,26;-;-;0;0;0;0;0;0;0;0;0;0;0;0;0;0;0;0;0
25/09/2016 22:35;01009;ASPARRENA;1268;100,00;803;63,33;36,67;5;0,62;3;0,37;800;99,63;297;37,35;42;5,28;0;0,00;0;0,00;45;5,66;4;0,50;0;0,00;3;0,37;2;0,25;0;0,00;291;36,60;0;0,00;107;13,45;1;0,12;0;0,00;3;0,37;-;-;0;0;0;0;0;0;0;0;0;0;0;0;0;0;0;0;0
25/09/2016 22:35;01010;AYALA/AIARA;2271;100,00;1593;70,15;29,85;4;0,25;14;0,88;1579;99,12;749;47,55;104;6,60;0;0,00;0;0,00;65;4,12;9;0,57;0;0,00;17;1,07;3;0,19;3;0,19;405;25,71;7;0,44;202;12,82;8;0,50;0;0,00;3;0,19;-;-;0;0;0;0;0;0;0;0;0;0;0;0;0;0;0;0;0
25/09/2016 22:35;01011;BAÑOS DE EBRO/MAÑUETA;230;100,00;148;64,35;35,65;2;1,35;4;2,70;144;97,30;55;38,73;56;39,43;0;0,00;0;0,00;15;10,56;0;0,00;0;0,00;4;2,81;0;0,00;0;0,00;4;2,81;0;0,00;5;3,52;3;2,11;0;0,00;0;0,00;-;-;0;0;0;0;0;0;0;0;0;0;0;0;0;0;0;0;0
25/09/2016 22:35;01013;BARRUNDIA;715;100,00;437;61,12;38,88;0;0,00;0;0,00;437;100,00;138;31,57;42;9,61;0;0,00;0;0,00;21;4,80;1;0,22;0;0,00;3;0,68;0;0,00;0;0,00;166;37,98;3;0,68;61;13,95;0;0,00;0;0,00;2;0,45;-;-;0;0;0;0;0;0;0;0;0;0;0;0;0;0;0;0;0
25/09/2016 22:35;01014;BERANTEVILLA;371;100,00;238;64,15;35,85;2;0,84;1;0,42;237;99,58;87;37,02;67;28,51;0;0,00;0;0,00;17;7,23;4;1,70;0;0,00;3;1,27;1;0,42;0;0,00;26;11,06;2;0,85;28;11,91;0;0,00;0;0,00;0;0,00;-;-;0;0;0;0;0;0;0;0;0;0;0;0;0;0;0;0;0
25/09/2016 22:35;01016;BERNEDO;432;100,00;209;48,38;51,62;2;0,96;2;0,96;207;99,04;77;37,56;43;20,97;0;0,00;0;0,00;9;4,39;0;0,00;0;0,00;0;0,00;0;0,00;1;0,48;49;23,90;0;0,00;23;11,21;1;0,48;0;0,00;2;0,97;-;-;0;0;0;0;0;0;0;0;0;0;0;0;0;0;0;0;0
25/09/2016 22:35;01017;CAMPEZO/KANPEZU;841;100,00;511;60,76;39,24;2;0,39;2;0,39;509;99,61;217;42,80;57;11,24;0;0,00;0;0,00;26;5,12;3;0,59;0;0,00;6;1,18;1;0,19;0;0,00;140;27,61;5;0,98;48;9,46;3;0,59;0;0,00;1;0,19;-;-;0;0;0;0;0;0;0;0;0;0;0;0;0;0;0;0;0
25/09/2016 22:35;01018;ZIGOITIA;1381;100,00;894;64,74;35,26;4;0,45;0;0,00;894;100,00;262;29,43;97;10,89;0;0,00;0;0,00;65;7,30;2;0,22;0;0,00;15;1,68;0;0,00;0;0,00;284;31,91;3;0,33;153;17,19;6;0,67;0;0,00;3;0,33;-;-;0;0;0;0;0;0;0;0;0;0;0;0;0;0;0;0;0
25/09/2016 22:35;01019;KRIPAN;151;100,00;113;74,83;25,17;1;0,88;0;0,00;113;100,00;76;67,85;13;11,60;0;0,00;0;0,00;2;1,78;1;0,89;0;0,00;0;0,00;0;0,00;0;0,00;13;11,60;0;0,00;7;6,25;0;0,00;0;0,00;0;0,00;-;-;0;0;0;0;0;0;0;0;0;0;0;0;0;0;0;0;0
25/09/2016 22:35;01020;KUARTANGO;326;100,00;222;68,10;31,90;2;0,90;2;0,90;220;99,10;92;42,20;20;9,17;0;0,00;0;0,00;5;2,29;1;0,45;0;0,00;3;1,37;1;0,45;0;0,00;69;31,65;0;0,00;25;11,46;2;0,91;0;0,00;0;0,00;-;-;0;0;0;0;0;0;0;0;0;0;0;0;0;0;0;0;0
25/09/2016 22:35;01021;ELBURGO/BURGELU;469;100,00;288;61,41;38,59;1;0,35;0;0,00;288;100,00;138;48,08;54;18,81;0;0,00;0;0,00;14;4,87;5;1,74;0;0,00;9;3,13;0;0,00;0;0,00;31;10,80;2;0,69;29;10,10;3;1,04;0;0,00;2;0,69;-;-;0;0;0;0;0;0;0;0;0;0;0;0;0;0;0;0;0
25/09/2016 22:35;01022;ELCIEGO;799;100,00;509;63,70;36,30;5;0,98;11;2,16;498;97,84;132;26,77;128;25,96;0;0,00;0;0,00;92;18,66;6;1,21;0;0,00;18;3,65;0;0,00;0;0,00;44;8,92;5;1,01;63;12,77;3;0,60;0;0,00;2;0,40;-;-;0;0;0;0;0;0;0;0;0;0;0;0;0;0;0;0;0
25/09/2016 22:35;01023;ELVILLAR/BILAR;267;100,00;167;62,55;37,45;1;0,60;0;0,00;167;100,00;63;37,95;42;25,30;0;0,00;0;0,00;14;8,43;1;0,60;0;0,00;1;0,60;1;0,60;0;0,00;27;16,26;0;0,00;16;9,63;1;0,60;0;0,00;0;0,00;-;-;0;0;0;0;0;0;0;0;0;0;0;0;0;0;0;0;0
25/09/2016 22:35;01027;IRURAIZ-GAUNA;421;100,00;243;57,72;42,28;1;0,41;0;0,00;243;100,00;100;41,32;27;11,15;0;0,00;0;0,00;9;3,71;4;1,65;0;0,00;2;0,82;0;0,00;0;0,00;66;27,27;1;0,41;32;13,22;1;0,41;0;0,00;0;0,00;-;-;0;0;0;0;0;0;0;0;0;0;0;0;0;0;0;0;0
25/09/2016 22:35;01028;LABASTIDA/BASTIDA;1072;100,00;619;57,74;42,26;2;0,32;4;0,65;615;99,35;165;26,91;158;25,77;0;0,00;0;0,00;65;10,60;7;1,14;0;0,00;20;3,26;0;0,00;1;0,16;85;13,86;12;1,95;97;15,82;1;0,16;0;0,00;2;0,32;-;-;0;0;0;0;0;0;0;0;0;0;0;0;0;0;0;0;0
25/09/2016 22:35;01030;LAGRÁN;156;100,00;103;66,03;33,97;0;0,00;0;0,00;103;100,00;42;40,77;27;26,21;0;0,00;0;0,00;10;9,70;0;0,00;0;0,00;1;0,97;0;0,00;0;0,00;8;7,76;0;0,00;14;13,59;0;0,00;0;0,00;1;0,97;-;-;0;0;0;0;0;0;0;0;0;0;0;0;0;0;0;0;0
25/09/2016 22:35;01031;LAGUARDIA;1161;100,00;801;68,99;31,01;5;0,62;11;1,37;790;98,63;225;28,66;241;30,70;0;0,00;0;0,00;53;6,75;4;0,50;0;0,00;34;4,33;1;0,12;0;0,00;131;16,68;3;0,38;87;11,08;5;0,63;0;0,00;1;0,12;-;-;0;0;0;0;0;0;0;0;0;0;0;0;0;0;0;0;0
25/09/2016 22:35;01032;LANCIEGO/LANTZIEGO;512;100,00;328;64,06;35,94;0;0,00;5;1,52;323;98,48;127;39,31;64;19,81;0;0,00;0;0,00;43;13,31;1;0,30;0;0,00;13;4,02;0;0,00;0;0,00;38;11,76;1;0,30;34;10,52;1;0,30;0;0,00;1;0,30;-;-;0;0;0;0;0;0;0;0;0;0;0;0;0;0;0;0;0
25/09/2016 22:35;01033;LAPUEBLA DE LABARCA;644;100,00;462;71,74;28,26;4;0,87;5;1,08;457;98,92;216;47,68;84;18,54;0;0,00;0;0,00;47;10,37;1;0,22;0;0,00;13;2,86;1;0,22;0;0,00;51;11,25;0;0,00;36;7,94;3;0,66;0;0,00;1;0,22;-;-;0;0;0;0;0;0;0;0;0;0;0;0;0;0;0;0;0
25/09/2016 22:35;01034;LEZA;156;100,00;107;68,59;31,41;0;0,00;0;0,00;107;100,00;50;46,72;5;4,67;0;0,00;0;0,00;17;15,88;0;0,00;0;0,00;0;0,00;1;0,93;0;0,00;27;25,23;0;0,00;7;6,54;0;0,00;0;0,00;0;0,00;-;-;0;0;0;0;0;0;0;0;0;0;0;0;0;0;0;0;0
25/09/2016 22:35;01036;LAUDIO/LLODIO;14946;100,00;9466;63,33;36,67;70;0,74;59;0,62;9407;99,38;3442;36,86;819;8,77;0;0,00;0;0,00;1047;11,21;67;0,71;0;0,00;139;1,48;16;0,17;9;0,09;2255;24,15;36;0,38;1416;15,16;49;0,52;0;0,00;42;0,44;-;-;0;0;0;0;0;0;0;0;0;0;0;0;0;0;0;0;0
25/09/2016 22:35;01037;ARRAIA-MAEZTU;587;100,00;397;67,63;32,37;2;0,50;2;0,50;395;99,50;179;45,54;50;12,72;0;0,00;0;0,00;15;3,81;1;0,25;0;0,00;2;0,50;1;0,25;0;0,00;93;23,66;1;0,25;50;12,72;1;0,25;0;0,00;0;0,00;-;-;0;0;0;0;0;0;0;0;0;0;0;0;0;0;0;0;0
25/09/2016 22:35;01039;MOREDA DE ÁLAVA/MOREDA ARABA;210;100,00;157;74,76;25,24;0;0,00;7;4,46;150;95,54;49;32,66;28;18,66;0;0,00;0;0,00;31;20,66;1;0,66;0;0,00;1;0,66;0;0,00;0;0,00;19;12,66;0;0,00;20;13,33;1;0,66;0;0,00;0;0,00;-;-;0;0;0;0;0;0;0;0;0;0;0;0;0;0;0;0;0
25/09/2016 22:35;01041;NAVARIDAS;149;100,00;104;69,80;30,20;1;0,96;0;0,00;104;100,00;42;40,77;39;37,86;0;0,00;0;0,00;4;3,88;1;0,97;0;0,00;0;0,00;1;0,97;0;0,00;6;5,82;0;0,00;8;7,76;0;0,00;0;0,00;2;1,94;-;-;0;0;0;0;0;0;0;0;0;0;0;0;0;0;0;0;0
25/09/2016 22:35;01042;OKONDO;895;100,00;639;71,40;28,60;10;1,56;4;0,63;635;99,37;299;47,84;37;5,92;0;0,00;0;0,00;16;2,56;5;0,80;0;0,00;2;0,32;1;0,16;0;0,00;189;30,24;1;0,16;74;11,84;0;0,00;0;0,00;1;0,16;-;-;0;0;0;0;0;0;0;0;0;0;0;0;0;0;0;0;0
25/09/2016 22:35;01043;OYÓN-OION;2316;100,00;1289;55,66;44,34;13;1,01;8;0,62;1281;99,38;353;27,83;262;20,66;0;0,00;0;0,00;175;13,80;11;0,86;0;0,00;51;4,02;3;0,23;0;0,00;225;17,74;10;0,78;168;13,24;6;0,47;0;0,00;4;0,31;-;-;0;0;0;0;0;0;0;0;0;0;0;0;0;0;0;0;0
25/09/2016 22:35;01044;PEÑACERRADA-URIZAHARRA;233;100,00;165;70,82;29,18;2;1,21;0;0,00;165;100,00;61;37,42;34;20,85;0;0,00;0;0,00;10;6,13;1;0,61;0;0,00;4;2,45;0;0,00;0;0,00;30;18,40;1;0,61;20;12,26;2;1,22;0;0,00;0;0,00;-;-;0;0;0;0;0;0;0;0;0;0;0;0;0;0;0;0;0
25/09/2016 22:35;01046;ERRIBERAGOITIA/RIBERA ALTA;594;100,00;397;66,84;33,16;4;1,01;2;0,50;395;99,50;145;37,08;71;18,15;0;0,00;0;0,00;37;9,46;4;1,02;0;0,00;15;3,83;0;0,00;0;0,00;59;15,08;0;0,00;58;14,83;2;0,51;0;0,00;0;0,00;-;-;0;0;0;0;0;0;0;0;0;0;0;0;0;0;0;0;0
25/09/2016 22:35;01047;RIBERA BAJA/ERRIBERA BEITIA;965;100,00;589;61,04;38,96;4;0,68;7;1,19;582;98,81;195;33,73;129;22,31;0;0,00;0;0,00;69;11,93;9;1,55;0;0,00;30;5,19;0;0,00;0;0,00;39;6,74;8;1,38;96;16,60;2;0,34;0;0,00;1;0,17;-;-;0;0;0;0;0;0;0;0;0;0;0;0;0;0;0;0;0
25/09/2016 22:35;01049;AÑANA;140;100,00;102;72,86;27,14;1;0,98;0;0,00;102;100,00;39;38,61;14;13,86;0;0,00;0;0,00;7;6,93;1;0,99;0;0,00;0;0,00;1;0,99;0;0,00;30;29,70;1;0,99;7;6,93;1;0,99;0;0,00;0;0,00;-;-;0;0;0;0;0;0;0;0;0;0;0;0;0;0;0;0;0
25/09/2016 22:35;01051;AGURAIN/SALVATIERRA;3593;100,00;2073;57,70;42,30;10;0,48;8;0,39;2065;99,61;780;37,95;119;5,79;0;0,00;0;0,00;150;7,29;14;0,68;0;0,00;34;1,65;5;0,24;0;0,00;686;33,38;16;0,77;245;11,92;5;0,24;0;0,00;1;0,04;-;-;0;0;0;0;0;0;0;0;0;0;0;0;0;0;0;0;0
25/09/2016 22:35;01052;SAMANIEGO;254;100,00;183;72,05;27,95;0;0,00;0;0,00;183;100,00;72;39,34;11;6,01;0;0,00;0;0,00;40;21,85;1;0,54;0;0,00;3;1,63;0;0,00;0;0,00;43;23,49;0;0,00;13;7,10;0;0,00;0;0,00;0;0,00;-;-;0;0;0;0;0;0;0;0;0;0;0;0;0;0;0;0;0
25/09/2016 22:35;01053;SAN MILLÁN/DONEMILIAGA;586;100,00;332;56,66;43,34;0;0,00;5;1,51;327;98,49;133;40,67;27;8,25;0;0,00;0;0,00;4;1,22;3;0,91;0;0,00;5;1,52;0;0,00;1;0,30;101;30,88;1;0,30;49;14,98;2;0,61;0;0,00;1;0,30;-;-;0;0;0;0;0;0;0;0;0;0;0;0;0;0;0;0;0
25/09/2016 22:35;01054;URKABUSTAIZ;968;100,00;650;67,15;32,85;6;0,92;1;0,15;649;99,85;203;31,57;38;5,90;0;0,00;0;0,00;24;3,73;6;0,93;0;0,00;5;0,77;0;0,00;2;0,31;265;41,21;0;0,00;100;15,55;0;0,00;0;0,00;0;0,00;-;-;0;0;0;0;0;0;0;0;0;0;0;0;0;0;0;0;0
25/09/2016 22:35;01055;VALDEGOVÍA/GAUBEA;836;100,00;506;60,53;39,47;5;0,99;9;1,78;497;98,22;193;39,22;112;22,76;0;0,00;0;0,00;42;8,53;5;1,01;0;0,00;6;1,21;1;0,20;1;0,20;74;15,04;3;0,60;51;10,36;2;0,40;0;0,00;2;0,40;-;-;0;0;0;0;0;0;0;0;0;0;0;0;0;0;0;0;0
25/09/2016 22:35;01056;HARANA/VALLE DE ARANA;218;100,00;130;59,63;40,37;1;0,77;0;0,00;130;100,00;76;58,91;17;13,17;0;0,00;0;0,00;3;2,32;1;0,77;0;0,00;1;0,77;0;0,00;0;0,00;24;18,60;0;0,00;6;4,65;1;0,77;0;0,00;0;0,00;-;-;0;0;0;0;0;0;0;0;0;0;0;0;0;0;0;0;0
25/09/2016 22:35;01057;VILLABUENA DE ÁLAVA/ESKUERNAGA;238;100,00;203;85,29;14,71;1;0,49;0;0,00;203;100,00;85;42,07;22;10,89;0;0,00;0;0,00;4;1,98;1;0,49;0;0,00;5;2,47;0;0,00;0;0,00;63;31,18;3;1,48;19;9,40;0;0,00;0;0,00;0;0,00;-;-;0;0;0;0;0;0;0;0;0;0;0;0;0;0;0;0;0
25/09/2016 22:35;01058;LEGUTIO;1356;100,00;793;58,48;41,52;6;0,76;5;0,63;788;99,37;259;33,12;33;4,21;0;0,00;0;0,00;47;6,01;3;0,38;0;0,00;12;1,53;1;0,12;1;0,12;314;40,15;3;0,38;107;13,68;1;0,12;0;0,00;1;0,12;-;-;0;0;0;0;0;0;0;0;0;0;0;0;0;0;0;0;0
25/09/2016 22:35;01059;VITORIA-GASTEIZ;186647;100,00;112284;60,16;39,84;807;0,72;834;0,74;111450;99,26;27681;25,01;23335;21,09;0;0,00;0;0,00;16013;14,47;1199;1,08;0;0,00;4056;3,66;313;0,28;94;0,08;17287;15,62;568;0,51;18899;17,08;663;0,59;0;0,00;535;0,48;-;-;0;0;0;0;0;0;0;0;0;0;0;0;0;0;0;0;0
25/09/2016 22:35;01060;YÉCORA/IEKORA;200;100,00;146;73,00;27,00;0;0,00;3;2,05;143;97,95;56;39,16;47;32,86;0;0,00;0;0,00;7;4,89;1;0,69;0;0,00;6;4,19;2;1,39;0;0,00;8;5,59;0;0,00;15;10,48;1;0,69;0;0,00;0;0,00;-;-;0;0;0;0;0;0;0;0;0;0;0;0;0;0;0;0;0
25/09/2016 22:35;01061;ZALDUONDO;154;100,00;123;79,87;20,13;0;0,00;2;1,63;121;98,37;45;37,19;2;1,65;0;0,00;0;0,00;3;2,47;1;0,82;0;0,00;2;1,65;0;0,00;0;0,00;49;40,49;0;0,00;18;14,87;1;0,82;0;0,00;0;0,00;-;-;0;0;0;0;0;0;0;0;0;0;0;0;0;0;0;0;0
25/09/2016 22:35;01062;ZAMBRANA;309;100,00;165;53,40;46,60;1;0,61;0;0,00;165;100,00;50;30,48;40;24,39;0;0,00;0;0,00;15;9,14;1;0,60;0;0,00;10;6,09;0;0,00;0;0,00;22;13,41;0;0,00;25;15,24;1;0,60;0;0,00;0;0,00;-;-;0;0;0;0;0;0;0;0;0;0;0;0;0;0;0;0;0
25/09/2016 22:35;01063;ZUIA;1796;100,00;1230;68,49;31,51;14;1,14;5;0,41;1225;99,59;469;38,72;126;10,40;0;0,00;0;0,00;80;6,60;8;0,66;0;0,00;22;1,81;5;0,41;1;0,08;333;27,49;9;0,74;150;12,38;6;0,49;0;0,00;2;0,16;-;-;0;0;0;0;0;0;0;0;0;0;0;0;0;0;0;0;0
25/09/2016 22:35;01901;IRUÑA OKA/IRUÑA DE OCA;2353;100,00;1355;57,59;42,41;16;1,18;17;1,25;1338;98,75;306;23,14;243;18,38;0;0,00;0;0,00;249;18,83;32;2,42;0;0,00;43;3,25;2;0,15;2;0,15;177;13,38;13;0,98;232;17,54;14;1,05;0;0,00;9;0,68;-;-;0;0;0;0;0;0;0;0;0;0;0;0;0;0;0;0;0
25/09/2016 22:35;01902;LANTARÓN;737;100,00;424;57,53;42,47;2;0,47;2;0,47;422;99,53;145;34,52;98;23,33;0;0,00;0;0,00;44;10,47;2;0,47;0;0,00;14;3,33;0;0,00;0;0,00;55;13,09;6;1,42;52;12,38;2;0,47;0;0,00;2;0,47;-;-;0;0;0;0;0;0;0;0;0;0;0;0;0;0;0;0;0
25/09/2016 22:35;20000;GIPUZKOA;555075;100,00;343431;61,87;38,13;2117;0,62;1064;0,31;342367;99,69;116989;34,38;24622;7,23;0;0,00;0;0,00;40262;11,83;2523;0,74;799;0,23;5696;1,67;0;0,00;0;0,00;98181;28,85;0;0,00;48338;14,20;1854;0,54;187;0,05;799;0,23;EH Bildu;ELKARREKIN PODEMOS;752;9;2;0;0;3;0;0;0;0;0;8;0;3;0;0;0
25/09/2016 22:35;20001;ABALTZISKETA;252;100,00;163;64,68;35,32;3;1,84;0;0,00;163;100,00;73;45,62;0;0,00;0;0,00;0;0,00;0;0,00;1;0,62;0;0,00;0;0,00;0;0,00;0;0,00;79;49,37;0;0,00;7;4,37;0;0,00;0;0,00;0;0,00;-;-;0;0;0;0;0;0;0;0;0;0;0;0;0;0;0;0;0
25/09/2016 22:35;20002;ADUNA;343;100,00;231;67,35;32,65;4;1,73;0;0,00;231;100,00;68;29,95;2;0,88;0;0,00;0;0,00;0;0,00;0;0,00;0;0,00;0;0,00;0;0,00;0;0,00;139;61,23;0;0,00;16;7,04;2;0,88;0;0,00;0;0,00;-;-;0;0;0;0;0;0;0;0;0;0;0;0;0;0;0;0;0
25/09/2016 22:35;20003;AIZARNAZABAL;542;100,00;354;65,31;34,69;2;0,56;1;0,28;353;99,72;103;29,34;1;0,28;0;0,00;0;0,00;5;1,42;1;0,28;1;0,28;4;1,13;0;0,00;0;0,00;203;57,83;0;0,00;32;9,11;1;0,28;0;0,00;0;0,00;-;-;0;0;0;0;0;0;0;0;0;0;0;0;0;0;0;0;0
25/09/2016 22:35;20004;ALBIZTUR;248;100,00;146;58,87;41,13;0;0,00;0;0,00;146;100,00;79;54,10;0;0,00;0;0,00;0;0,00;8;5,47;1;0,68;0;0,00;0;0,00;0;0,00;0;0,00;45;30,82;0;0,00;13;8,90;0;0,00;0;0,00;0;0,00;-;-;0;0;0;0;0;0;0;0;0;0;0;0;0;0;0;0;0
25/09/2016 22:35;20005;ALEGIA;1258;100,00;796;63,28;36,72;3;0,38;2;0,25;794;99,75;286;36,15;10;1,26;0;0,00;0;0,00;25;3,16;5;0,63;1;0,12;2;0,25;0;0,00;0;0,00;391;49,43;0;0,00;66;8,34;4;0,50;1;0,12;0;0,00;-;-;0;0;0;0;0;0;0;0;0;0;0;0;0;0;0;0;0
25/09/2016 22:35;20006;ALKIZA;259;100,00;154;59,46;40,54;0;0,00;0;0,00;154;100,00;57;37,01;2;1,29;0;0,00;0;0,00;2;1,29;2;1,29;0;0,00;0;0,00;0;0,00;0;0,00;76;49,35;0;0,00;13;8,44;2;1,29;0;0,00;0;0,00;-;-;0;0;0;0;0;0;0;0;0;0;0;0;0;0;0;0;0
25/09/2016 22:35;20007;ALTZO;309;100,00;222;71,84;28,16;1;0,45;0;0,00;222;100,00;59;26,69;1;0,45;0;0,00;0;0,00;0;0,00;3;1,35;0;0,00;0;0,00;0;0,00;0;0,00;139;62,89;0;0,00;17;7,69;0;0,00;1;0,45;1;0,45;-;-;0;0;0;0;0;0;0;0;0;0;0;0;0;0;0;0;0
25/09/2016 22:35;20008;AMEZKETA;720;100,00;410;56,94;43,06;6;1,46;0;0,00;410;100,00;132;32,67;7;1,73;0;0,00;0;0,00;7;1,73;0;0,00;1;0,24;0;0,00;0;0,00;0;0,00;224;55,44;0;0,00;32;7,92;0;0,00;0;0,00;1;0,24;-;-;0;0;0;0;0;0;0;0;0;0;0;0;0;0;0;0;0
25/09/2016 22:35;20009;ANDOAIN;11442;100,00;6752;59,01;40,99;43;0,64;23;0,34;6729;99,66;1858;27,78;406;6,07;0;0,00;0;0,00;1067;15,95;52;0,77;16;0,23;136;2,03;0;0,00;0;0,00;1880;28,11;0;0,00;1203;17,99;44;0,65;3;0,04;21;0,31;-;-;0;0;0;0;0;0;0;0;0;0;0;0;0;0;0;0;0
25/09/2016 22:35;20010;ANOETA;1517;100,00;1004;66,18;33,82;6;0,60;2;0,20;1002;99,80;311;31,22;35;3,51;0;0,00;0;0,00;48;4,81;7;0,70;1;0,10;3;0,30;0;0,00;0;0,00;459;46,08;0;0,00;124;12,44;4;0,40;2;0,20;2;0,20;-;-;0;0;0;0;0;0;0;0;0;0;0;0;0;0;0;0;0
25/09/2016 22:35;20011;ANTZUOLA;1653;100,00;1220;73,81;26,19;8;0,66;6;0,49;1214;99,51;369;30,59;31;2,57;0;0,00;0;0,00;75;6,21;7;0,58;0;0,00;6;0,49;0;0,00;0;0,00;592;49,08;0;0,00;118;9,78;5;0,41;1;0,08;2;0,16;-;-;0;0;0;0;0;0;0;0;0;0;0;0;0;0;0;0;0
25/09/2016 22:35;20012;ARAMA;147;100,00;107;72,79;27,21;4;3,74;0;0,00;107;100,00;39;37,86;0;0,00;0;0,00;0;0,00;1;0,97;0;0,00;0;0,00;1;0,97;0;0,00;0;0,00;56;54,36;0;0,00;5;4,85;1;0,97;0;0,00;0;0,00;-;-;0;0;0;0;0;0;0;0;0;0;0;0;0;0;0;0;0
25/09/2016 22:35;20013;ARETXABALETA;5404;100,00;3532;65,36;34,64;14;0,40;13;0,37;3519;99,63;1372;39,14;105;2,99;0;0,00;0;0,00;262;7,47;18;0,51;6;0,17;26;0,74;0;0,00;0;0,00;1278;36,46;0;0,00;419;11,95;13;0,37;0;0,00;6;0,17;-;-;0;0;0;0;0;0;0;0;0;0;0;0;0;0;0;0;0
25/09/2016 22:35;20014;ASTEASU;1109;100,00;601;54,19;45,81;0;0,00;6;1,00;595;99,00;189;31,76;9;1,51;0;0,00;0;0,00;17;2,85;3;0,50;0;0,00;2;0,33;0;0,00;0;0,00;306;51,42;0;0,00;67;11,26;1;0,16;0;0,00;1;0,16;-;-;0;0;0;0;0;0;0;0;0;0;0;0;0;0;0;0;0
25/09/2016 22:35;20015;ATAUN;1266;100,00;933;73,70;26,30;7;0,75;5;0,54;928;99,46;304;33,00;3;0,32;0;0,00;0;0,00;2;0,21;2;0,21;0;0,00;0;0,00;0;0,00;0;0,00;557;60,47;0;0,00;50;5,42;2;0,21;1;0,10;0;0,00;-;-;0;0;0;0;0;0;0;0;0;0;0;0;0;0;0;0;0
25/09/2016 22:35;20016;AIA;1540;100,00;954;61,95;38,05;1;0,10;1;0,10;953;99,90;479;50,31;7;0,73;0;0,00;0;0,00;16;1,68;7;0,73;0;0,00;0;0,00;0;0,00;0;0,00;362;38,02;0;0,00;78;8,19;0;0,00;1;0,10;2;0,21;-;-;0;0;0;0;0;0;0;0;0;0;0;0;0;0;0;0;0
25/09/2016 22:35;20017;AZKOITIA;8534;100,00;5462;64,00;36,00;29;0,53;19;0,35;5443;99,65;2424;44,77;185;3,41;0;0,00;0;0,00;350;6,46;30;0,55;9;0,16;42;0,77;0;0,00;0;0,00;1849;34,15;0;0,00;478;8,82;17;0,31;16;0,29;14;0,25;-;-;0;0;0;0;0;0;0;0;0;0;0;0;0;0;0;0;0
25/09/2016 22:35;20018;AZPEITIA;11062;100,00;7183;64,93;35,07;47;0,65;22;0,31;7161;99,69;3075;43,22;169;2,37;0;0,00;0;0,00;198;2,78;12;0,16;11;0,15;37;0,52;0;0,00;0;0,00;3192;44,86;0;0,00;407;5,72;5;0,07;3;0,04;5;0,07;-;-;0;0;0;0;0;0;0;0;0;0;0;0;0;0;0;0;0
25/09/2016 22:35;20019;BEASAIN;9964;100,00;6197;62,19;37,81;44;0,71;18;0,29;6179;99,71;2532;41,27;286;4,66;0;0,00;0;0,00;614;10,00;45;0,73;9;0,14;64;1,04;0;0,00;0;0,00;1693;27,59;0;0,00;851;13,87;25;0,40;3;0,04;13;0,21;-;-;0;0;0;0;0;0;0;0;0;0;0;0;0;0;0;0;0
25/09/2016 22:35;20020;BEIZAMA;125;100,00;82;65,60;34,40;1;1,22;0;0,00;82;100,00;29;35,80;1;1,23;0;0,00;0;0,00;0;0,00;1;1,23;0;0,00;1;1,23;0;0,00;0;0,00;43;53,08;0;0,00;4;4,93;0;0,00;1;1,23;1;1,23;-;-;0;0;0;0;0;0;0;0;0;0;0;0;0;0;0;0;0
25/09/2016 22:35;20021;BELAUNTZA;198;100,00;109;55,05;44,95;1;0,92;0;0,00;109;100,00;43;39,81;1;0,92;0;0,00;0;0,00;2;1,85;0;0,00;0;0,00;0;0,00;0;0,00;0;0,00;48;44,44;0;0,00;13;12,03;1;0,92;0;0,00;0;0,00;-;-;0;0;0;0;0;0;0;0;0;0;0;0;0;0;0;0;0
25/09/2016 22:35;20022;BERASTEGI;844;100,00;551;65,28;34,72;8;1,45;2;0,36;549;99,64;224;41,40;10;1,84;0;0,00;0;0,00;8;1,47;4;0,73;0;0,00;0;0,00;0;0,00;0;0,00;253;46,76;0;0,00;41;7,57;1;0,18;0;0,00;0;0,00;-;-;0;0;0;0;0;0;0;0;0;0;0;0;0;0;0;0;0
25/09/2016 22:35;20023;BERROBI;443;100,00;247;55,76;44,24;1;0,40;0;0,00;247;100,00;71;28,86;9;3,65;0;0,00;0;0,00;13;5,28;0;0,00;0;0,00;3;1,21;0;0,00;0;0,00;128;52,03;0;0,00;21;8,53;0;0,00;1;0,40;0;0,00;-;-;0;0;0;0;0;0;0;0;0;0;0;0;0;0;0;0;0
25/09/2016 22:35;20024;BIDANIA-GOIATZ;384;100,00;238;61,98;38,02;1;0,42;0;0,00;238;100,00;68;28,69;5;2,10;0;0,00;0;0,00;1;0,42;0;0,00;1;0,42;0;0,00;0;0,00;0;0,00;143;60,33;0;0,00;18;7,59;1;0,42;0;0,00;0;0,00;-;-;0;0;0;0;0;0;0;0;0;0;0;0;0;0;0;0;0
25/09/2016 22:35;20025;ZEGAMA;1153;100,00;802;69,56;30,44;5;0,62;1;0,12;801;99,88;322;40,45;3;0,37;0;0,00;0;0,00;16;2,01;4;0,50;1;0,12;1;0,12;0;0,00;0;0,00;384;48,24;0;0,00;62;7,78;2;0,25;0;0,00;1;0,12;-;-;0;0;0;0;0;0;0;0;0;0;0;0;0;0;0;0;0
25/09/2016 22:35;20026;ZERAIN;197;100,00;162;82,23;17,77;2;1,23;12;7,41;150;92,59;71;47,97;0;0,00;0;0,00;0;0,00;0;0,00;0;0,00;0;0,00;0;0,00;0;0,00;0;0,00;72;48,64;0;0,00;5;3,37;0;0,00;0;0,00;0;0,00;-;-;0;0;0;0;0;0;0;0;0;0;0;0;0;0;0;0;0
25/09/2016 22:35;20027;ZESTOA;2815;100,00;1785;63,41;36,59;6;0,34;1;0,06;1784;99,94;702;39,48;15;0,84;0;0,00;0;0,00;41;2,30;5;0,28;0;0,00;3;0,16;0;0,00;0;0,00;830;46,68;0;0,00;176;9,89;3;0,16;1;0,05;2;0,11;-;-;0;0;0;0;0;0;0;0;0;0;0;0;0;0;0;0;0
25/09/2016 22:35;20028;ZIZURKIL;2226;100,00;1407;63,21;36,79;11;0,78;8;0,57;1399;99,43;461;33,21;47;3,38;0;0,00;0;0,00;102;7,34;8;0,57;1;0,07;15;1,08;0;0,00;0;0,00;579;41,71;0;0,00;157;11,31;16;1,15;0;0,00;2;0,14;-;-;0;0;0;0;0;0;0;0;0;0;0;0;0;0;0;0;0
25/09/2016 22:35;20029;DEBA;4295;100,00;2879;67,03;32,97;16;0,56;5;0,17;2874;99,83;1254;43,87;88;3,07;0;0,00;0;0,00;141;4,93;7;0,24;6;0,20;24;0,83;0;0,00;0;0,00;997;34,88;0;0,00;322;11,26;10;0,34;6;0,20;3;0,10;-;-;0;0;0;0;0;0;0;0;0;0;0;0;0;0;0;0;0
25/09/2016 22:35;20030;EIBAR;21400;100,00;12980;60,65;39,35;62;0,48;38;0,29;12942;99,71;4223;32,78;940;7,29;0;0,00;0;0,00;2784;21,61;101;0,78;30;0,23;157;1,21;0;0,00;0;0,00;2848;22,11;0;0,00;1686;13,09;77;0,59;6;0,04;28;0,21;-;-;0;0;0;0;0;0;0;0;0;0;0;0;0;0;0;0;0
25/09/2016 22:35;20031;ELDUAIN;174;100,00;112;64,37;35,63;1;0,89;0;0,00;112;100,00;41;36,93;2;1,80;0;0,00;0;0,00;0;0,00;0;0,00;0;0,00;0;0,00;0;0,00;0;0,00;60;54,05;0;0,00;7;6,30;0;0,00;1;0,90;0;0,00;-;-;0;0;0;0;0;0;0;0;0;0;0;0;0;0;0;0;0
25/09/2016 22:35;20032;ELGOIBAR;8772;100,00;5511;62,82;37,18;24;0,44;19;0,34;5492;99,66;2341;42,81;290;5,30;0;0,00;0;0,00;486;8,88;44;0,80;9;0,16;86;1,57;0;0,00;0;0,00;1597;29,20;0;0,00;583;10,66;22;0,40;2;0,03;8;0,14;-;-;0;0;0;0;0;0;0;0;0;0;0;0;0;0;0;0;0
25/09/2016 22:35;20033;ELGETA;865;100,00;619;71,56;28,44;2;0,32;1;0,16;618;99,84;227;36,85;11;1,78;0;0,00;0;0,00;21;3,40;7;1,13;2;0,32;2;0,32;0;0,00;0;0,00;286;46,42;0;0,00;58;9,41;0;0,00;0;0,00;2;0,32;-;-;0;0;0;0;0;0;0;0;0;0;0;0;0;0;0;0;0
25/09/2016 22:35;20034;ESKORIATZA;3144;100,00;1931;61,42;38,58;11;0,57;6;0,31;1925;99,69;763;39,86;52;2,71;0;0,00;0;0,00;150;7,83;17;0,88;3;0,15;17;0,88;0;0,00;0;0,00;644;33,64;0;0,00;241;12,59;21;1,09;2;0,10;4;0,20;-;-;0;0;0;0;0;0;0;0;0;0;0;0;0;0;0;0;0
25/09/2016 22:35;20035;EZKIO-ITSASO;484;100,00;337;69,63;30,37;2;0,59;0;0,00;337;100,00;127;37,91;7;2,08;0;0,00;0;0,00;3;0,89;0;0,00;1;0,29;0;0,00;0;0,00;0;0,00;164;48,95;0;0,00;33;9,85;0;0,00;0;0,00;0;0,00;-;-;0;0;0;0;0;0;0;0;0;0;0;0;0;0;0;0;0
25/09/2016 22:35;20036;HONDARRIBIA;13255;100,00;8071;60,89;39,11;54;0,67;28;0,35;8043;99,65;3849;48,17;544;6,80;0;0,00;0;0,00;582;7,28;59;0,73;26;0,32;129;1,61;0;0,00;0;0,00;1640;20,52;0;0,00;1088;13,61;50;0,62;9;0,11;13;0,16;-;-;0;0;0;0;0;0;0;0;0;0;0;0;0;0;0;0;0
25/09/2016 22:35;20037;GAINTZA;101;100,00;72;71,29;28,71;1;1,39;0;0,00;72;100,00;31;43,66;0;0,00;0;0,00;0;0,00;0;0,00;1;1,40;0;0,00;1;1,40;0;0,00;0;0,00;35;49,29;0;0,00;3;4,22;0;0,00;0;0,00;0;0,00;-;-;0;0;0;0;0;0;0;0;0;0;0;0;0;0;0;0;0
25/09/2016 22:35;20038;GABIRIA;393;100,00;281;71,50;28,50;1;0,36;2;0,71;279;99,29;121;43,52;1;0,35;0;0,00;0;0,00;1;0,35;1;0,35;0;0,00;0;0,00;0;0,00;0;0,00;140;50,35;0;0,00;12;4,31;2;0,71;0;0,00;0;0,00;-;-;0;0;0;0;0;0;0;0;0;0;0;0;0;0;0;0;0
25/09/2016 22:35;20039;GETARIA;2112;100,00;1540;72,92;27,08;12;0,78;2;0,13;1538;99,87;650;42,59;16;1,04;0;0,00;0;0,00;30;1,96;10;0,65;1;0,06;3;0,19;0;0,00;0;0,00;702;46,00;0;0,00;108;7,07;3;0,19;0;0,00;3;0,19;-;-;0;0;0;0;0;0;0;0;0;0;0;0;0;0;0;0;0
25/09/2016 22:35;20040;HERNANI;15332;100,00;9282;60,54;39,46;73;0,79;40;0,43;9242;99,57;2230;24,32;394;4,29;0;0,00;0;0,00;863;9,41;55;0,59;12;0,13;98;1,06;0;0,00;0;0,00;3977;43,37;0;0,00;1458;15,90;48;0,52;14;0,15;20;0,21;-;-;0;0;0;0;0;0;0;0;0;0;0;0;0;0;0;0;0
25/09/2016 22:35;20041;HERNIALDE;254;100,00;131;51,57;48,43;0;0,00;0;0,00;131;100,00;55;41,98;1;0,76;0;0,00;0;0,00;1;0,76;1;0,76;1;0,76;4;3,05;0;0,00;0;0,00;54;41,22;0;0,00;14;10,68;0;0,00;0;0,00;0;0,00;-;-;0;0;0;0;0;0;0;0;0;0;0;0;0;0;0;0;0
25/09/2016 22:35;20042;IBARRA;3224;100,00;1968;61,04;38,96;17;0,86;11;0,56;1957;99,44;639;32,93;63;3,24;0;0,00;0;0,00;148;7,62;8;0,41;3;0,15;16;0,82;0;0,00;0;0,00;749;38,60;0;0,00;300;15,46;10;0,51;0;0,00;4;0,20;-;-;0;0;0;0;0;0;0;0;0;0;0;0;0;0;0;0;0
25/09/2016 22:35;20043;IDIAZABAL;1734;100,00;1169;67,42;32,58;7;0,60;1;0,09;1168;99,91;556;47,88;27;2,32;0;0,00;0;0,00;29;2,49;3;0,25;0;0,00;2;0,17;0;0,00;0;0,00;465;40,05;0;0,00;73;6,28;6;0,51;0;0,00;0;0,00;-;-;0;0;0;0;0;0;0;0;0;0;0;0;0;0;0;0;0
25/09/2016 22:35;20044;IKAZTEGIETA;367;100,00;247;67,30;32,70;0;0,00;1;0,40;246;99,60;88;35,77;5;2,03;0;0,00;0;0,00;4;1,62;2;0,81;1;0,40;0;0,00;0;0,00;0;0,00;119;48,37;0;0,00;27;10,97;0;0,00;0;0,00;0;0,00;-;-;0;0;0;0;0;0;0;0;0;0;0;0;0;0;0;0;0
25/09/2016 22:35;20045;IRUN;46709;100,00;26244;56,19;43,81;163;0,62;93;0,35;26151;99,65;7888;30,35;3040;11,69;0;0,00;0;0,00;5240;20,16;299;1,15;116;0,44;792;3,04;0;0,00;0;0,00;3380;13,00;0;0,00;4762;18,32;349;1,34;13;0,05;109;0,41;-;-;0;0;0;0;0;0;0;0;0;0;0;0;0;0;0;0;0
25/09/2016 22:35;20046;IRURA;1224;100,00;739;60,38;39,62;3;0,41;2;0,27;737;99,73;280;38,14;13;1,77;0;0,00;0;0,00;30;4,08;4;0,54;1;0,13;14;1,90;0;0,00;0;0,00;302;41,14;0;0,00;87;11,85;2;0,27;0;0,00;1;0,13;-;-;0;0;0;0;0;0;0;0;0;0;0;0;0;0;0;0;0
25/09/2016 22:35;20047;ITSASONDO;475;100,00;313;65,89;34,11;4;1,28;3;0,96;310;99,04;96;31,37;4;1,30;0;0,00;0;0,00;7;2,28;0;0,00;0;0,00;2;0,65;0;0,00;0;0,00;167;54,57;0;0,00;29;9,47;0;0,00;0;0,00;1;0,32;-;-;0;0;0;0;0;0;0;0;0;0;0;0;0;0;0;0;0
25/09/2016 22:35;20048;LARRAUL;183;100,00;117;63,93;36,07;0;0,00;2;1,71;115;98,29;23;20,00;1;0,86;0;0,00;0;0,00;3;2,60;1;0,86;0;0,00;0;0,00;0;0,00;0;0,00;71;61,73;0;0,00;13;11,30;3;2,60;0;0,00;0;0,00;-;-;0;0;0;0;0;0;0;0;0;0;0;0;0;0;0;0;0
25/09/2016 22:35;20049;LAZKAO;4119;100,00;2647;64,26;35,74;17;0,64;8;0,30;2639;99,70;963;36,72;54;2,05;0;0,00;0;0,00;166;6,33;16;0,61;2;0,07;17;0,64;0;0,00;0;0,00;1096;41,80;0;0,00;297;11,32;7;0,26;1;0,03;3;0,11;-;-;0;0;0;0;0;0;0;0;0;0;0;0;0;0;0;0;0
25/09/2016 22:35;20050;LEABURU;269;100,00;186;69,14;30,86;1;0,54;0;0,00;186;100,00;61;32,97;1;0,54;0;0,00;0;0,00;0;0,00;1;0,54;1;0,54;0;0,00;0;0,00;0;0,00;108;58,37;0;0,00;12;6,48;1;0,54;0;0,00;0;0,00;-;-;0;0;0;0;0;0;0;0;0;0;0;0;0;0;0;0;0
25/09/2016 22:35;20051;LEGAZPI;6859;100,00;4470;65,17;34,83;36;0,81;18;0,40;4452;99,60;1632;36,95;211;4,77;0;0,00;0;0,00;483;10,93;17;0,38;3;0,06;44;0,99;0;0,00;0;0,00;1400;31,70;0;0,00;589;13,33;21;0,47;4;0,09;12;0,27;-;-;0;0;0;0;0;0;0;0;0;0;0;0;0;0;0;0;0
25/09/2016 22:35;20052;LEGORRETA;1085;100,00;739;68,11;31,89;11;1,49;5;0,68;734;99,32;270;37,34;17;2,35;0;0,00;0;0,00;14;1,93;1;0,13;1;0,13;6;0,82;0;0,00;0;0,00;312;43,15;0;0,00;96;13,27;2;0,27;0;0,00;4;0,55;-;-;0;0;0;0;0;0;0;0;0;0;0;0;0;0;0;0;0
25/09/2016 22:35;20053;LEZO;4785;100,00;2783;58,16;41,84;25;0,90;7;0,25;2776;99,75;713;25,91;88;3,19;0;0,00;0;0,00;238;8,65;16;0,58;3;0,10;38;1,38;0;0,00;0;0,00;1154;41,94;0;0,00;484;17,59;16;0,58;1;0,03;0;0,00;-;-;0;0;0;0;0;0;0;0;0;0;0;0;0;0;0;0;0
25/09/2016 22:35;20054;LIZARTZA;441;100,00;310;70,29;29,71;4;1,29;1;0,32;309;99,68;66;21,63;0;0,00;0;0,00;0;0,00;0;0,00;0;0,00;0;0,00;1;0,32;0;0,00;0;0,00;222;72,78;0;0,00;16;5,24;0;0,00;0;0,00;0;0,00;-;-;0;0;0;0;0;0;0;0;0;0;0;0;0;0;0;0;0
25/09/2016 22:35;20055;ARRASATE/MONDRAGON;17446;100,00;10724;61,47;38,53;41;0,38;37;0,35;10687;99,65;3609;33,90;480;4,50;0;0,00;0;0,00;1145;10,75;59;0,55;17;0,15;121;1,13;0;0,00;0;0,00;3489;32,77;0;0,00;1601;15,03;84;0,78;5;0,04;36;0,33;-;-;0;0;0;0;0;0;0;0;0;0;0;0;0;0;0;0;0
25/09/2016 22:35;20056;MUTRIKU;4086;100,00;2635;64,49;35,51;23;0,87;16;0,61;2619;99,39;1142;43,99;72;2,77;0;0,00;0;0,00;58;2,23;12;0,46;1;0,03;17;0,65;0;0,00;0;0,00;1051;40,48;0;0,00;229;8,82;10;0,38;1;0,03;3;0,11;-;-;0;0;0;0;0;0;0;0;0;0;0;0;0;0;0;0;0
25/09/2016 22:35;20057;MUTILOA;195;100,00;128;65,64;34,36;1;0,78;0;0,00;128;100,00;31;24,40;0;0,00;0;0,00;0;0,00;0;0,00;0;0,00;0;0,00;0;0,00;0;0,00;0;0,00;80;62,99;0;0,00;15;11,81;1;0,78;0;0,00;0;0,00;-;-;0;0;0;0;0;0;0;0;0;0;0;0;0;0;0;0;0
25/09/2016 22:35;20058;OLABERRIA;756;100,00;475;62,83;37,17;1;0,21;3;0,63;472;99,37;189;40,12;17;3,60;0;0,00;0;0,00;52;11,04;9;1,91;1;0,21;7;1,48;0;0,00;0;0,00;127;26,96;0;0,00;63;13,37;5;1,06;0;0,00;1;0,21;-;-;0;0;0;0;0;0;0;0;0;0;0;0;0;0;0;0;0
25/09/2016 22:35;20059;OÑATI;8871;100,00;5911;66,63;33,37;19;0,32;14;0,24;5897;99,76;2349;39,96;138;2,34;0;0,00;0;0,00;208;3,53;15;0,25;4;0,06;27;0,45;0;0,00;0;0,00;2554;43,45;0;0,00;553;9,40;24;0,40;2;0,03;4;0,06;-;-;0;0;0;0;0;0;0;0;0;0;0;0;0;0;0;0;0
25/09/2016 22:35;20060;OREXA;89;100,00;79;88,76;11,24;2;2,53;0;0,00;79;100,00;2;2,59;0;0,00;0;0,00;0;0,00;0;0,00;0;0,00;0;0,00;0;0,00;0;0,00;0;0,00;74;96,10;0;0,00;1;1,29;0;0,00;0;0,00;0;0,00;-;-;0;0;0;0;0;0;0;0;0;0;0;0;0;0;0;0;0
25/09/2016 22:35;20061;ORIO;4282;100,00;2631;61,44;38,56;22;0,84;11;0,42;2620;99,58;1197;46,07;46;1,77;0;0,00;0;0,00;131;5,04;8;0,30;3;0,11;13;0,50;0;0,00;0;0,00;917;35,29;0;0,00;268;10,31;9;0,34;2;0,07;4;0,15;-;-;0;0;0;0;0;0;0;0;0;0;0;0;0;0;0;0;0
25/09/2016 22:35;20062;ORMAIZTEGI;976;100,00;670;68,65;31,35;9;1,34;3;0,45;667;99,55;294;44,68;16;2,43;0;0,00;0;0,00;14;2,12;3;0,45;2;0,30;3;0,45;0;0,00;0;0,00;275;41,79;0;0,00;48;7,29;1;0,15;0;0,00;2;0,30;-;-;0;0;0;0;0;0;0;0;0;0;0;0;0;0;0;0;0
25/09/2016 22:35;20063;OIARTZUN;8023;100,00;5256;65,51;34,49;24;0,46;13;0,25;5243;99,75;1367;26,19;126;2,41;0;0,00;0;0,00;145;2,77;29;0,55;2;0,03;28;0,53;0;0,00;0;0,00;2850;54,60;0;0,00;642;12,30;18;0,34;5;0,09;7;0,13;-;-;0;0;0;0;0;0;0;0;0;0;0;0;0;0;0;0;0
25/09/2016 22:35;20064;PASAIA;12510;100,00;7026;56,16;43,84;33;0,47;25;0,36;7001;99,64;2116;30,36;456;6,54;0;0,00;0;0,00;908;13,03;74;1,06;19;0,27;93;1,33;0;0,00;0;0,00;1937;27,79;0;0,00;1269;18,21;65;0,93;3;0,04;28;0,40;-;-;0;0;0;0;0;0;0;0;0;0;0;0;0;0;0;0;0
25/09/2016 22:35;20065;SORALUZE-PLACENCIA DE LAS ARMAS;3007;100,00;1888;62,79;37,21;5;0,26;8;0,42;1880;99,58;597;31,84;109;5,81;0;0,00;0;0,00;249;13,28;9;0,48;3;0,16;24;1,28;0;0,00;0;0,00;678;36,16;0;0,00;192;10,24;6;0,32;0;0,00;8;0,42;-;-;0;0;0;0;0;0;0;0;0;0;0;0;0;0;0;0;0
25/09/2016 22:35;20066;ERREZIL;447;100,00;272;60,85;39,15;0;0,00;1;0,37;271;99,63;83;30,62;1;0,36;0;0,00;0;0,00;0;0,00;0;0,00;0;0,00;0;0,00;0;0,00;0;0,00;181;66,78;0;0,00;6;2,21;0;0,00;0;0,00;0;0,00;-;-;0;0;0;0;0;0;0;0;0;0;0;0;0;0;0;0;0
25/09/2016 22:35;20067;ERRENTERIA;30840;100,00;17482;56,69;43,31;89;0,51;54;0,31;17428;99,69;4082;23,54;1118;6,44;0;0,00;0;0,00;3203;18,47;158;0,91;33;0,19;348;2,00;0;0,00;0;0,00;4713;27,18;0;0,00;3507;20,22;124;0,71;8;0,04;45;0,25;-;-;0;0;0;0;0;0;0;0;0;0;0;0;0;0;0;0;0
25/09/2016 22:35;20068;LEINTZ-GATZAGA;189;100,00;132;69,84;30,16;0;0,00;3;2,27;129;97,73;39;30,23;0;0,00;0;0,00;0;0,00;0;0,00;0;0,00;0;0,00;0;0,00;0;0,00;0;0,00;80;62,01;0;0,00;9;6,97;1;0,77;0;0,00;0;0,00;-;-;0;0;0;0;0;0;0;0;0;0;0;0;0;0;0;0;0
25/09/2016 22:35;20069;DONOSTIA/SAN SEBASTIÁN;147060;100,00;91776;62,41;37,59;657;0,72;237;0,26;91539;99,74;30697;33,77;11634;12,80;0;0,00;0;0,00;12621;13,88;886;0,97;321;0,35;2395;2,63;0;0,00;0;0,00;17967;19,76;0;0,00;13694;15,06;390;0,42;47;0,05;230;0,25;-;-;0;0;0;0;0;0;0;0;0;0;0;0;0;0;0;0;0
25/09/2016 22:35;20070;SEGURA;1095;100,00;789;72,05;27,95;4;0,51;4;0,51;785;99,49;320;40,97;4;0,51;0;0,00;0;0,00;7;0,89;0;0,00;0;0,00;5;0,64;0;0,00;0;0,00;398;50,96;0;0,00;45;5,76;0;0,00;0;0,00;2;0,25;-;-;0;0;0;0;0;0;0;0;0;0;0;0;0;0;0;0;0
25/09/2016 22:35;20071;TOLOSA;14809;100,00;9504;64,18;35,82;43;0,45;24;0,25;9480;99,75;3779;40,04;377;3,99;0;0,00;0;0,00;545;5,77;51;0,54;19;0,20;82;0,86;0;0,00;0;0,00;3259;34,53;0;0,00;1280;13,56;26;0,27;1;0,01;18;0,19;-;-;0;0;0;0;0;0;0;0;0;0;0;0;0;0;0;0;0
25/09/2016 22:35;20072;URNIETA;4746;100,00;2749;57,92;42,08;20;0,73;9;0,33;2740;99,67;1031;37,90;149;5,47;0;0,00;0;0,00;335;12,31;19;0,69;13;0,47;45;1,65;0;0,00;0;0,00;704;25,88;0;0,00;408;15,00;12;0,44;0;0,00;4;0,14;-;-;0;0;0;0;0;0;0;0;0;0;0;0;0;0;0;0;0
25/09/2016 22:35;20073;USURBIL;4686;100,00;2982;63,64;36,36;12;0,40;7;0,23;2975;99,77;704;23,75;79;2,66;0;0,00;0;0,00;156;5,26;15;0,50;7;0,23;26;0,87;0;0,00;0;0,00;1569;52,95;0;0,00;369;12,45;27;0,91;6;0,20;5;0,16;-;-;0;0;0;0;0;0;0;0;0;0;0;0;0;0;0;0;0
25/09/2016 22:35;20074;BERGARA;11580;100,00;7758;66,99;33,01;34;0,44;24;0,31;7734;99,69;2805;36,42;268;3,48;0;0,00;0;0,00;522;6,77;24;0,31;10;0,12;49;0,63;0;0,00;0;0,00;3000;38,96;0;0,00;983;12,76;24;0,31;2;0,02;13;0,16;-;-;0;0;0;0;0;0;0;0;0;0;0;0;0;0;0;0;0
25/09/2016 22:35;20075;VILLABONA;4368;100,00;2698;61,77;38,23;17;0,63;7;0,26;2691;99,74;957;35,78;102;3,81;0;0,00;0;0,00;180;6,73;11;0,41;5;0,18;31;1,15;0;0,00;0;0,00;1064;39,79;0;0,00;311;11,63;5;0,18;2;0,07;6;0,22;-;-;0;0;0;0;0;0;0;0;0;0;0;0;0;0;0;0;0
25/09/2016 22:35;20076;ORDIZIA;6971;100,00;4535;65,06;34,94;19;0,42;9;0,20;4526;99,80;1624;36,03;234;5,19;0;0,00;0;0,00;390;8,65;29;0,64;9;0,19;44;0,97;0;0,00;0;0,00;1517;33,65;0;0,00;634;14,06;15;0,33;1;0,02;10;0,22;-;-;0;0;0;0;0;0;0;0;0;0;0;0;0;0;0;0;0
25/09/2016 22:35;20077;URRETXU;5219;100,00;3371;64,59;35,41;28;0,83;12;0,36;3359;99,64;1285;38,57;119;3,57;0;0,00;0;0,00;442;13,26;16;0,48;5;0,15;49;1,47;0;0,00;0;0,00;948;28,45;0;0,00;430;12,90;27;0,81;2;0,06;8;0,24;-;-;0;0;0;0;0;0;0;0;0;0;0;0;0;0;0;0;0
25/09/2016 22:35;20078;ZALDIBIA;1161;100,00;874;75,28;24,72;8;0,92;0;0,00;874;100,00;179;20,66;7;0,80;0;0,00;0;0,00;18;2,07;4;0,46;0;0,00;5;0,57;0;0,00;0;0,00;587;67,78;0;0,00;64;7,39;1;0,11;0;0,00;1;0,11;-;-;0;0;0;0;0;0;0;0;0;0;0;0;0;0;0;0;0
25/09/2016 22:35;20079;ZARAUTZ;17863;100,00;11732;65,68;34,32;75;0,64;27;0,23;11705;99,77;4888;42,02;632;5,43;0;0,00;0;0,00;871;7,48;57;0,49;18;0,15;116;0,99;0;0,00;0;0,00;3520;30,26;0;0,00;1479;12,71;32;0,27;3;0,02;14;0,12;-;-;0;0;0;0;0;0;0;0;0;0;0;0;0;0;0;0;0
25/09/2016 22:35;20080;ZUMARRAGA;7896;100,00;4844;61,35;38,65;32;0,66;21;0,43;4823;99,57;1518;31,68;286;5,96;0;0,00;0;0,00;1053;21,97;32;0,66;6;0,12;70;1,46;0;0,00;0;0,00;990;20,66;0;0,00;792;16,53;33;0,68;1;0,02;10;0,20;-;-;0;0;0;0;0;0;0;0;0;0;0;0;0;0;0;0;0
25/09/2016 22:35;20081;ZUMAIA;7497;100,00;4720;62,96;37,04;33;0,70;14;0,30;4706;99,70;1778;38,04;104;2,22;0;0,00;0;0,00;417;8,92;25;0,53;6;0,12;39;0,83;0;0,00;0;0,00;1674;35,82;0;0,00;592;12,66;29;0,62;0;0,00;9;0,19;-;-;0;0;0;0;0;0;0;0;0;0;0;0;0;0;0;0;0
25/09/2016 22:35;20901;MENDARO;1440;100,00;904;62,78;37,22;4;0,44;5;0,55;899;99,45;373;41,67;34;3,79;0;0,00;0;0,00;57;6,36;2;0,22;0;0,00;10;1,11;0;0,00;0;0,00;268;29,94;0;0,00;144;16,08;6;0,67;0;0,00;1;0,11;-;-;0;0;0;0;0;0;0;0;0;0;0;0;0;0;0;0;0
25/09/2016 22:35;20902;LASARTE-ORIA;14141;100,00;8514;60,21;39,79;42;0,49;32;0,38;8482;99,62;2023;23,96;699;8,28;0;0,00;0;0,00;2081;24,65;65;0,77;12;0,14;218;2,58;0;0,00;0;0,00;1882;22,29;0;0,00;1356;16,06;72;0,85;2;0,02;30;0,35;-;-;0;0;0;0;0;0;0;0;0;0;0;0;0;0;0;0;0
25/09/2016 22:35;20903;ASTIGARRAGA;4343;100,00;2559;58,92;41,08;14;0,55;8;0,31;2551;99,69;836;32,95;94;3,70;0;0,00;0;0,00;147;5,79;20;0,78;3;0,11;32;1,26;0;0,00;0;0,00;950;37,44;0;0,00;437;17,22;7;0,27;0;0,00;11;0,43;-;-;0;0;0;0;0;0;0;0;0;0;0;0;0;0;0;0;0
25/09/2016 22:35;20904;BALIARRAIN;92;100,00;51;55,43;44,57;0;0,00;0;0,00;51;100,00;10;19,60;0;0,00;0;0,00;0;0,00;0;0,00;1;1,96;0;0,00;0;0,00;0;0,00;0;0,00;39;76,47;0;0,00;1;1,96;0;0,00;0;0,00;0;0,00;-;-;0;0;0;0;0;0;0;0;0;0;0;0;0;0;0;0;0
25/09/2016 22:35;20905;ORENDAIN;145;100,00;107;73,79;26,21;1;0,93;1;0,93;106;99,07;36;34,28;0;0,00;0;0,00;0;0,00;1;0,95;0;0,00;0;0,00;0;0,00;0;0,00;0;0,00;63;60,00;0;0,00;5;4,76;0;0,00;0;0,00;0;0,00;-;-;0;0;0;0;0;0;0;0;0;0;0;0;0;0;0;0;0
25/09/2016 22:35;20906;ALTZAGA;116;100,00;80;68,97;31,03;0;0,00;0;0,00;80;100,00;27;33,75;0;0,00;0;0,00;0;0,00;1;1,25;1;1,25;0;0,00;0;0,00;0;0,00;0;0,00;43;53,75;0;0,00;8;10,00;0;0,00;0;0,00;0;0,00;-;-;0;0;0;0;0;0;0;0;0;0;0;0;0;0;0;0;0
25/09/2016 22:35;20907;GAZTELU;121;100,00;93;76,86;23,14;0;0,00;0;0,00;93;100,00;35;37,63;1;1,07;0;0,00;0;0,00;1;1,07;0;0,00;0;0,00;0;0,00;0;0,00;0;0,00;44;47,31;0;0,00;12;12,90;0;0,00;0;0,00;0;0,00;-;-;0;0;0;0;0;0;0;0;0;0;0;0;0;0;0;0;0
25/09/2016 22:35;48000;BIZKAIA;910601;100,00;572054;62,82;37,18;3472;0,61;2506;0,44;569548;99,56;238441;42,12;54923;9,70;351;0,06;461;0,08;66376;11,72;4533;0,80;1020;0,18;10912;1,92;898;0,15;248;0,04;99270;17,53;0;0,00;84034;14,84;3335;0,58;0;0,00;1274;0,22;EAJ-PNV;EH Bildu;80;12;2;0;0;3;0;0;0;0;0;4;0;4;0;0;0
25/09/2016 22:35;48001;ABADIÑO;5841;100,00;3705;63,43;36,57;17;0,46;9;0,24;3696;99,76;1302;35,39;248;6,74;3;0,08;2;0,05;382;10,38;36;0,97;6;0,16;72;1,95;6;0,16;3;0,08;1140;30,98;0;0,00;449;12,20;24;0,65;0;0,00;6;0,16;-;-;0;0;0;0;0;0;0;0;0;0;0;0;0;0;0;0;0
25/09/2016 22:35;48002;ABANTO Y CIÉRVANA-ABANTO ZIERBENA;7807;100,00;5088;65,17;34,83;34;0,67;46;0,90;5042;99,10;2040;40,73;150;2,99;1;0,01;4;0,07;647;12,91;38;0,75;4;0,07;73;1,45;12;0,23;1;0,01;856;17,09;0;0,00;1150;22,96;27;0,53;0;0,00;5;0,09;-;-;0;0;0;0;0;0;0;0;0;0;0;0;0;0;0;0;0
25/09/2016 22:35;48003;AMOREBIETA-ETXANO;14314;100,00;9515;66,47;33,53;44;0,46;47;0,49;9468;99,51;4252;45,11;324;3,43;10;0,10;5;0,05;797;8,45;61;0,64;14;0,14;93;0,98;10;0,10;4;0,04;2487;26,39;0;0,00;1308;13,87;37;0,39;0;0,00;22;0,23;-;-;0;0;0;0;0;0;0;0;0;0;0;0;0;0;0;0;0
25/09/2016 22:35;48004;AMOROTO;334;100,00;240;71,86;28,14;0;0,00;0;0,00;240;100,00;121;50,41;0;0,00;0;0,00;0;0,00;0;0,00;0;0,00;2;0,83;0;0,00;0;0,00;0;0,00;113;47,08;0;0,00;4;1,66;0;0,00;0;0,00;0;0,00;-;-;0;0;0;0;0;0;0;0;0;0;0;0;0;0;0;0;0
25/09/2016 22:35;48005;ARAKALDO;112;100,00;68;60,71;39,29;0;0,00;1;1,47;67;98,53;29;43,28;1;1,49;0;0,00;0;0,00;2;2,98;1;1,49;0;0,00;0;0,00;1;1,49;0;0,00;23;34,32;0;0,00;9;13,43;1;1,49;0;0,00;0;0,00;-;-;0;0;0;0;0;0;0;0;0;0;0;0;0;0;0;0;0
25/09/2016 22:35;48006;ARANTZAZU;295;100,00;238;80,68;19,32;0;0,00;0;0,00;238;100,00;102;42,85;1;0,42;0;0,00;0;0,00;1;0,42;0;0,00;0;0,00;0;0,00;0;0,00;0;0,00;115;48,31;0;0,00;19;7,98;0;0,00;0;0,00;0;0,00;-;-;0;0;0;0;0;0;0;0;0;0;0;0;0;0;0;0;0
25/09/2016 22:35;48007;MUNITIBAR-ARBATZEGI GERRIKAITZ-;363;100,00;255;70,25;29,75;3;1,18;0;0,00;255;100,00;119;47,22;0;0,00;0;0,00;0;0,00;0;0,00;1;0,39;0;0,00;0;0,00;0;0,00;0;0,00;121;48,01;0;0,00;11;4,36;0;0,00;0;0,00;0;0,00;-;-;0;0;0;0;0;0;0;0;0;0;0;0;0;0;0;0;0
25/09/2016 22:35;48008;ARTZENTALES;612;100,00;430;70,26;29,74;1;0,23;6;1,40;424;98,60;269;63,59;8;1,89;0;0,00;0;0,00;16;3,78;2;0,47;1;0,23;0;0,00;0;0,00;0;0,00;78;18,43;0;0,00;43;10,16;4;0,94;0;0,00;2;0,47;-;-;0;0;0;0;0;0;0;0;0;0;0;0;0;0;0;0;0
25/09/2016 22:35;48009;ARRANKUDIAGA;776;100,00;599;77,19;22,81;8;1,34;5;0,83;594;99,17;275;46,92;11;1,87;0;0,00;0;0,00;9;1,53;3;0,51;1;0,17;7;1,19;0;0,00;0;0,00;246;41,97;0;0,00;32;5,46;1;0,17;0;0,00;1;0,17;-;-;0;0;0;0;0;0;0;0;0;0;0;0;0;0;0;0;0
25/09/2016 22:35;48010;ARRIETA;456;100,00;329;72,15;27,85;1;0,30;2;0,61;327;99,39;191;58,58;1;0,30;0;0,00;0;0,00;4;1,22;1;0,30;1;0,30;3;0,92;1;0,30;0;0,00;98;30,06;0;0,00;25;7,66;1;0,30;0;0,00;0;0,00;-;-;0;0;0;0;0;0;0;0;0;0;0;0;0;0;0;0;0
25/09/2016 22:35;48011;ARRIGORRIAGA;9655;100,00;6013;62,28;37,72;42;0,70;43;0,72;5970;99,28;2341;39,49;299;5,04;8;0,13;2;0,03;630;10,62;57;0,96;6;0,10;108;1,82;5;0,08;4;0,06;1291;21,77;0;0,00;1126;18,99;41;0,69;0;0,00;10;0,16;-;-;0;0;0;0;0;0;0;0;0;0;0;0;0;0;0;0;0
25/09/2016 22:35;48012;BAKIO;2040;100,00;1541;75,54;24,46;11;0,71;11;0,71;1530;99,29;788;51,87;44;2,89;0;0,00;0;0,00;22;1,44;11;0,72;2;0,13;8;0,52;0;0,00;0;0,00;505;33,24;0;0,00;129;8,49;6;0,39;0;0,00;4;0,26;-;-;0;0;0;0;0;0;0;0;0;0;0;0;0;0;0;0;0
25/09/2016 22:35;48013;BARAKALDO;79614;100,00;46342;58,21;41,79;307;0,66;212;0,46;46130;99,54;15543;33,91;4777;10,42;28;0,06;57;0,12;8766;19,13;447;0,97;86;0,18;1068;2,33;80;0,17;21;0,04;5056;11,03;0;0,00;9403;20,52;357;0,77;0;0,00;134;0,29;-;-;0;0;0;0;0;0;0;0;0;0;0;0;0;0;0;0;0
25/09/2016 22:35;48014;BARRIKA;1207;100,00;754;62,47;37,53;1;0,13;5;0,66;749;99,34;348;46,52;50;6,68;0;0,00;0;0,00;43;5,74;4;0,53;1;0,13;12;1,60;2;0,26;0;0,00;188;25,13;0;0,00;97;12,96;1;0,13;0;0,00;2;0,26;-;-;0;0;0;0;0;0;0;0;0;0;0;0;0;0;0;0;0
25/09/2016 22:35;48015;BASAURI;33528;100,00;20147;60,09;39,91;98;0,49;72;0,36;20075;99,64;8241;41,25;1813;9,07;23;0,11;19;0,09;3271;16,37;182;0,91;48;0,24;381;1,90;23;0,11;7;0,03;2571;12,86;0;0,00;3224;16,13;128;0,64;0;0,00;46;0,23;-;-;0;0;0;0;0;0;0;0;0;0;0;0;0;0;0;0;0
25/09/2016 22:35;48016;BERANGO;5303;100,00;3509;66,17;33,83;21;0,60;12;0,34;3497;99,66;1462;42,05;314;9,03;0;0,00;1;0,02;297;8,54;31;0,89;9;0,25;95;2,73;9;0,25;1;0,02;719;20,68;0;0,00;511;14,70;18;0,51;0;0,00;9;0,25;-;-;0;0;0;0;0;0;0;0;0;0;0;0;0;0;0;0;0
25/09/2016 22:35;48017;BERMEO;13259;100,00;8358;63,04;36,96;26;0,31;27;0,32;8331;99,68;4551;54,79;141;1,69;3;0,03;5;0,06;246;2,96;47;0,56;9;0,10;51;0,61;15;0,18;4;0,04;2426;29,21;0;0,00;773;9,30;26;0,31;0;0,00;8;0,09;-;-;0;0;0;0;0;0;0;0;0;0;0;0;0;0;0;0;0
25/09/2016 22:35;48018;BERRIATUA;875;100,00;571;65,26;34,74;2;0,35;0;0,00;571;100,00;258;45,34;2;0,35;2;0,35;0;0,00;3;0,52;3;0,52;1;0,17;1;0,17;0;0,00;1;0,17;277;48,68;0;0,00;20;3,51;1;0,17;0;0,00;0;0,00;-;-;0;0;0;0;0;0;0;0;0;0;0;0;0;0;0;0;0
25/09/2016 22:35;48019;BERRIZ;3537;100,00;2259;63,87;36,13;14;0,62;10;0,44;2249;99,56;913;40,85;96;4,29;5;0,22;1;0,04;219;9,79;22;0,98;2;0,08;31;1,38;4;0,17;1;0,04;627;28,05;0;0,00;299;13,37;11;0,49;0;0,00;4;0,17;-;-;0;0;0;0;0;0;0;0;0;0;0;0;0;0;0;0;0
25/09/2016 22:35;48020;BILBAO;273513;100,00;166497;60,87;39,13;1048;0,63;574;0,34;165923;99,66;69331;42,05;22530;13,66;112;0,06;129;0,07;20344;12,33;1474;0,89;369;0,22;3997;2,42;337;0,20;78;0,04;21343;12,94;0;0,00;23500;14,25;923;0,55;0;0,00;408;0,24;-;-;0;0;0;0;0;0;0;0;0;0;0;0;0;0;0;0;0
25/09/2016 22:35;48021;BUSTURIA;1337;100,00;900;67,31;32,69;3;0,33;4;0,44;896;99,56;474;53,07;18;2,01;0;0,00;2;0,22;36;4,03;1;0,11;0;0,00;10;1,11;0;0,00;0;0,00;265;29,67;0;0,00;81;9,07;5;0,55;0;0,00;1;0,11;-;-;0;0;0;0;0;0;0;0;0;0;0;0;0;0;0;0;0
25/09/2016 22:35;48022;KARRANTZA HARANA/VALLE DE CARRANZA;2316;100,00;1441;62,22;37,78;7;0,49;8;0,56;1433;99,44;875;61,36;48;3,36;0;0,00;0;0,00;78;5,46;6;0,42;4;0,28;14;0,98;0;0,00;0;0,00;215;15,07;0;0,00;178;12,48;6;0,42;0;0,00;2;0,14;-;-;0;0;0;0;0;0;0;0;0;0;0;0;0;0;0;0;0
25/09/2016 22:35;48023;ARTEA;608;100,00;481;79,11;20,89;3;0,62;2;0,42;479;99,58;234;49,15;13;2,73;0;0,00;0;0,00;5;1,05;2;0,42;0;0,00;2;0,42;1;0,21;0;0,00;186;39,07;0;0,00;32;6,72;1;0,21;0;0,00;0;0,00;-;-;0;0;0;0;0;0;0;0;0;0;0;0;0;0;0;0;0
25/09/2016 22:35;48024;ZEANURI;995;100,00;806;81,01;18,99;5;0,62;1;0,12;805;99,88;421;52,62;8;1,00;0;0,00;0;0,00;5;0,62;3;0,37;1;0,12;5;0,62;0;0,00;0;0,00;309;38,62;0;0,00;44;5,50;3;0,37;0;0,00;1;0,12;-;-;0;0;0;0;0;0;0;0;0;0;0;0;0;0;0;0;0
25/09/2016 22:35;48025;ZEBERIO;879;100,00;645;73,38;26,62;3;0,47;2;0,31;643;99,69;323;50,46;5;0,78;0;0,00;0;0,00;4;0,62;5;0,78;2;0,31;0;0,00;0;0,00;1;0,15;243;37,96;0;0,00;57;8,90;0;0,00;0;0,00;0;0,00;-;-;0;0;0;0;0;0;0;0;0;0;0;0;0;0;0;0;0
25/09/2016 22:35;48026;DIMA;1144;100,00;871;76,14;23,86;1;0,11;5;0,57;866;99,43;327;37,80;6;0,69;1;0,11;0;0,00;5;0,57;3;0,34;0;0,00;2;0,23;0;0,00;0;0,00;463;53,52;0;0,00;56;6,47;2;0,23;0;0,00;0;0,00;-;-;0;0;0;0;0;0;0;0;0;0;0;0;0;0;0;0;0
25/09/2016 22:35;48027;DURANGO;22196;100,00;14390;64,83;35,17;81;0,56;73;0,51;14317;99,49;6049;42,49;1045;7,34;6;0,04;6;0,04;1221;8,57;83;0,58;19;0,13;218;1,53;26;0,18;4;0,02;3614;25,38;0;0,00;1828;12,84;95;0,66;0;0,00;22;0,15;-;-;0;0;0;0;0;0;0;0;0;0;0;0;0;0;0;0;0
25/09/2016 22:35;48028;EA;715;100,00;562;78,60;21,40;0;0,00;0;0,00;562;100,00;251;44,66;4;0,71;0;0,00;0;0,00;1;0,17;2;0,35;0;0,00;0;0,00;1;0,17;1;0,17;275;48,93;0;0,00;26;4,62;1;0,17;0;0,00;0;0,00;-;-;0;0;0;0;0;0;0;0;0;0;0;0;0;0;0;0;0
25/09/2016 22:35;48029;ETXEBARRI;8358;100,00;4986;59,66;40,34;46;0,92;18;0,36;4968;99,64;1908;38,76;388;7,88;4;0,08;1;0,02;763;15,50;64;1,30;12;0,24;134;2,72;12;0,24;9;0,18;539;10,95;0;0,00;1015;20,62;50;1,01;0;0,00;23;0,46;-;-;0;0;0;0;0;0;0;0;0;0;0;0;0;0;0;0;0
25/09/2016 22:35;48030;ETXEBARRIA;606;100,00;480;79,21;20,79;2;0,42;0;0,00;480;100,00;262;54,81;5;1,04;0;0,00;0;0,00;3;0,62;0;0,00;0;0,00;1;0,20;0;0,00;0;0,00;178;37,23;0;0,00;27;5,64;2;0,41;0;0,00;0;0,00;-;-;0;0;0;0;0;0;0;0;0;0;0;0;0;0;0;0;0
25/09/2016 22:35;48031;ELANTXOBE;327;100,00;248;75,84;24,16;0;0,00;1;0,40;247;99,60;147;59,51;1;0,40;0;0,00;0;0,00;0;0,00;1;0,40;0;0,00;2;0,80;0;0,00;0;0,00;90;36,43;0;0,00;5;2,02;0;0,00;0;0,00;1;0,40;-;-;0;0;0;0;0;0;0;0;0;0;0;0;0;0;0;0;0
25/09/2016 22:35;48032;ELORRIO;5741;100,00;3908;68,07;31,93;17;0,44;10;0,26;3898;99,74;1460;37,61;228;5,87;1;0,02;1;0,02;252;6,49;12;0,30;13;0,33;34;0,87;7;0,18;1;0,02;1496;38,54;0;0,00;371;9,55;5;0,12;0;0,00;0;0,00;-;-;0;0;0;0;0;0;0;0;0;0;0;0;0;0;0;0;0
25/09/2016 22:35;48033;EREÑO;218;100,00;160;73,39;26,61;0;0,00;1;0,63;159;99,38;79;49,68;1;0,62;0;0,00;0;0,00;1;0,62;0;0,00;0;0,00;1;0,62;0;0,00;0;0,00;59;37,10;0;0,00;17;10,69;1;0,62;0;0,00;0;0,00;-;-;0;0;0;0;0;0;0;0;0;0;0;0;0;0;0;0;0
25/09/2016 22:35;48034;ERMUA;12831;100,00;7524;58,64;41,36;45;0,60;32;0,43;7492;99,57;2024;27,17;1009;13,54;8;0,10;13;0,17;1741;23,37;59;0,79;14;0,18;205;2,75;15;0,20;8;0,10;952;12,78;0;0,00;1298;17,42;74;0,99;0;0,00;27;0,36;-;-;0;0;0;0;0;0;0;0;0;0;0;0;0;0;0;0;0
25/09/2016 22:35;48035;FRUIZ;415;100,00;311;74,94;25,06;1;0,32;0;0,00;311;100,00;173;55,80;3;0,96;0;0,00;0;0,00;2;0,64;3;0,96;0;0,00;2;0,64;0;0,00;0;0,00;104;33,54;0;0,00;21;6,77;0;0,00;0;0,00;2;0,64;-;-;0;0;0;0;0;0;0;0;0;0;0;0;0;0;0;0;0
25/09/2016 22:35;48036;GALDAKAO;24026;100,00;15063;62,69;37,31;112;0,74;62;0,41;15001;99,59;6454;43,34;876;5,88;11;0,07;12;0,08;1561;10,48;144;0,96;24;0,16;246;1,65;16;0,10;5;0,03;2876;19,31;0;0,00;2547;17,10;77;0,51;0;0,00;40;0,26;-;-;0;0;0;0;0;0;0;0;0;0;0;0;0;0;0;0;0
25/09/2016 22:35;48037;GALDAMES;678;100,00;490;72,27;27,73;3;0,61;2;0,41;488;99,59;267;55,05;12;2,47;0;0,00;0;0,00;17;3,50;2;0,41;0;0,00;2;0,41;2;0,41;0;0,00;117;24,12;0;0,00;64;13,19;2;0,41;0;0,00;0;0,00;-;-;0;0;0;0;0;0;0;0;0;0;0;0;0;0;0;0;0
25/09/2016 22:35;48038;GAMIZ-FIKA;1124;100,00;822;73,13;26,87;1;0,12;7;0,85;815;99,15;453;55,65;26;3,19;0;0,00;0;0,00;14;1,71;3;0,36;2;0,24;2;0,24;0;0,00;0;0,00;241;29,60;0;0,00;69;8,47;4;0,49;0;0,00;0;0,00;-;-;0;0;0;0;0;0;0;0;0;0;0;0;0;0;0;0;0
25/09/2016 22:35;48039;GARAI;237;100,00;193;81,43;18,57;2;1,04;1;0,52;192;99,48;108;56,84;5;2,63;0;0,00;0;0,00;3;1,57;0;0,00;0;0,00;4;2,10;1;0,52;0;0,00;64;33,68;0;0,00;5;2,63;0;0,00;0;0,00;0;0,00;-;-;0;0;0;0;0;0;0;0;0;0;0;0;0;0;0;0;0
25/09/2016 22:35;48040;GATIKA;1280;100,00;893;69,77;30,23;5;0,56;9;1,01;884;98,99;487;55,40;17;1,93;0;0,00;0;0,00;24;2,73;11;1,25;1;0,11;5;0,56;0;0,00;0;0,00;248;28,21;0;0,00;81;9,21;5;0,56;0;0,00;0;0,00;-;-;0;0;0;0;0;0;0;0;0;0;0;0;0;0;0;0;0
25/09/2016 22:35;48041;GAUTEGIZ ARTEAGA;694;100,00;547;78,82;21,18;4;0,73;2;0,37;545;99,63;319;58,96;8;1,47;0;0,00;0;0,00;13;2,40;4;0,73;0;0,00;5;0,92;1;0,18;0;0,00;153;28,28;0;0,00;37;6,83;1;0,18;0;0,00;0;0,00;-;-;0;0;0;0;0;0;0;0;0;0;0;0;0;0;0;0;0
25/09/2016 22:35;48042;GORDEXOLA;1364;100,00;1031;75,59;24,41;5;0,48;8;0,78;1023;99,22;596;58,54;81;7,95;0;0,00;2;0,19;48;4,71;14;1,37;0;0,00;17;1,66;0;0,00;1;0,09;121;11,88;0;0,00;132;12,96;2;0,19;0;0,00;4;0,39;-;-;0;0;0;0;0;0;0;0;0;0;0;0;0;0;0;0;0
25/09/2016 22:35;48043;GORLIZ;4433;100,00;2966;66,91;33,09;15;0,51;7;0,24;2959;99,76;1472;50,00;162;5,50;2;0,06;1;0,03;137;4,65;25;0,84;2;0,06;48;1,63;4;0,13;1;0,03;672;22,82;0;0,00;399;13,55;13;0,44;0;0,00;6;0,20;-;-;0;0;0;0;0;0;0;0;0;0;0;0;0;0;0;0;0
25/09/2016 22:35;48044;GETXO;62703;100,00;42080;67,11;32,89;278;0,66;107;0,25;41973;99,75;17576;42,15;8542;20,48;23;0,05;31;0,07;3416;8,19;281;0,67;75;0,17;1244;2,98;65;0,15;16;0,03;5699;13,66;0;0,00;4497;10,78;162;0,38;0;0,00;68;0,16;-;-;0;0;0;0;0;0;0;0;0;0;0;0;0;0;0;0;0
25/09/2016 22:35;48045;GÜEÑES;5175;100,00;3653;70,59;29,41;35;0,96;37;1,01;3616;98,99;1858;51,88;134;3,74;3;0,08;3;0,08;302;8,43;26;0,72;8;0,22;40;1,11;4;0,11;1;0,02;705;19,68;0;0,00;482;13,45;12;0,33;0;0,00;3;0,08;-;-;0;0;0;0;0;0;0;0;0;0;0;0;0;0;0;0;0
25/09/2016 22:35;48046;GERNIKA-LUMO;12617;100,00;8858;70,21;29,79;52;0,59;38;0,43;8820;99,57;4212;48,03;310;3,53;0;0,00;3;0,03;439;5,00;43;0,49;9;0,10;74;0,84;13;0,14;2;0,02;2838;32,36;0;0,00;775;8,83;41;0,46;0;0,00;9;0,10;-;-;0;0;0;0;0;0;0;0;0;0;0;0;0;0;0;0;0
25/09/2016 22:35;48047;GIZABURUAGA;160;100,00;115;71,88;28,13;0;0,00;3;2,61;112;97,39;32;28,57;1;0,89;0;0,00;0;0,00;0;0,00;0;0,00;0;0,00;0;0,00;0;0,00;0;0,00;69;61,60;0;0,00;10;8,92;0;0,00;0;0,00;0;0,00;-;-;0;0;0;0;0;0;0;0;0;0;0;0;0;0;0;0;0
25/09/2016 22:35;48048;IBARRANGELU;558;100,00;385;69,00;31,00;5;1,30;1;0,26;384;99,74;193;50,92;5;1,31;0;0,00;0;0,00;8;2,11;3;0,79;0;0,00;0;0,00;1;0,26;0;0,00;145;38,25;0;0,00;24;6,33;0;0,00;0;0,00;0;0,00;-;-;0;0;0;0;0;0;0;0;0;0;0;0;0;0;0;0;0
25/09/2016 22:35;48049;ISPASTER;549;100,00;430;78,32;21,68;3;0,70;0;0,00;430;100,00;218;51,05;7;1,63;0;0,00;1;0,23;0;0,00;2;0,46;1;0,23;0;0,00;2;0,46;0;0,00;167;39,11;0;0,00;27;6,32;2;0,46;0;0,00;0;0,00;-;-;0;0;0;0;0;0;0;0;0;0;0;0;0;0;0;0;0
25/09/2016 22:35;48050;IZURTZA;193;100,00;148;76,68;23,32;0;0,00;1;0,68;147;99,32;70;47,61;3;2,04;0;0,00;0;0,00;1;0,68;0;0,00;0;0,00;0;0,00;0;0,00;0;0,00;69;46,93;0;0,00;4;2,72;0;0,00;0;0,00;0;0,00;-;-;0;0;0;0;0;0;0;0;0;0;0;0;0;0;0;0;0
25/09/2016 22:35;48051;LANESTOSA;214;100,00;151;70,56;29,44;1;0,66;1;0,66;150;99,34;80;53,69;3;2,01;0;0,00;0;0,00;14;9,39;2;1,34;1;0,67;2;1,34;0;0,00;0;0,00;27;18,12;0;0,00;17;11,40;2;1,34;0;0,00;1;0,67;-;-;0;0;0;0;0;0;0;0;0;0;0;0;0;0;0;0;0
25/09/2016 22:35;48052;LARRABETZU;1561;100,00;1185;75,91;24,09;1;0,08;3;0,25;1182;99,75;458;38,78;23;1,94;1;0,08;0;0,00;12;1,01;5;0,42;0;0,00;3;0,25;2;0,16;0;0,00;598;50,63;0;0,00;75;6,35;3;0,25;0;0,00;1;0,08;-;-;0;0;0;0;0;0;0;0;0;0;0;0;0;0;0;0;0
25/09/2016 22:35;48053;LAUKIZ;897;100,00;659;73,47;26,53;5;0,76;2;0,30;657;99,70;376;57,66;78;11,96;0;0,00;0;0,00;25;3,83;3;0,46;1;0,15;13;1,99;0;0,00;1;0,15;125;19,17;0;0,00;27;4,14;3;0,46;0;0,00;0;0,00;-;-;0;0;0;0;0;0;0;0;0;0;0;0;0;0;0;0;0
25/09/2016 22:35;48054;LEIOA;24206;100,00;15183;62,72;37,28;101;0,67;54;0,36;15129;99,64;6310;41,98;1533;10,20;18;0,11;11;0,07;1785;11,87;167;1,11;26;0,17;383;2,54;35;0,23;11;0,07;1940;12,90;0;0,00;2643;17,58;116;0,77;0;0,00;50;0,33;-;-;0;0;0;0;0;0;0;0;0;0;0;0;0;0;0;0;0
25/09/2016 22:35;48055;LEMOA;2662;100,00;1831;68,78;31,22;9;0,49;21;1,15;1810;98,85;772;42,86;53;2,94;2;0,11;2;0,11;82;4,55;3;0,16;5;0,27;20;1,11;3;0,16;2;0,11;630;34,98;0;0,00;215;11,93;8;0,44;0;0,00;4;0,22;-;-;0;0;0;0;0;0;0;0;0;0;0;0;0;0;0;0;0
25/09/2016 22:35;48056;LEMOIZ;969;100,00;681;70,28;29,72;6;0,88;1;0,15;680;99,85;375;55,63;9;1,33;0;0,00;0;0,00;8;1,18;4;0,59;1;0,14;2;0,29;1;0,14;0;0,00;202;29,97;0;0,00;67;9,94;4;0,59;0;0,00;1;0,14;-;-;0;0;0;0;0;0;0;0;0;0;0;0;0;0;0;0;0
25/09/2016 22:35;48057;LEKEITIO;5700;100,00;4088;71,72;28,28;14;0,34;10;0,24;4078;99,76;1824;44,88;36;0,88;1;0,02;0;0,00;54;1,32;1;0,02;2;0,04;14;0,34;0;0,00;0;0,00;1875;46,13;0;0,00;246;6,05;10;0,24;0;0,00;1;0,02;-;-;0;0;0;0;0;0;0;0;0;0;0;0;0;0;0;0;0
25/09/2016 22:35;48058;MALLABIA;969;100,00;655;67,60;32,40;4;0,61;2;0,31;653;99,69;266;40,98;14;2,15;0;0,00;0;0,00;33;5,08;0;0,00;1;0,15;6;0,92;1;0,15;0;0,00;268;41,29;0;0,00;54;8,32;5;0,77;0;0,00;1;0,15;-;-;0;0;0;0;0;0;0;0;0;0;0;0;0;0;0;0;0
25/09/2016 22:35;48059;MAÑARIA;402;100,00;309;76,87;23,13;1;0,32;3;0,97;306;99,03;150;49,18;8;2,62;0;0,00;0;0,00;7;2,29;1;0,32;1;0,32;0;0,00;0;0,00;0;0,00;119;39,01;0;0,00;17;5,57;1;0,32;0;0,00;1;0,32;-;-;0;0;0;0;0;0;0;0;0;0;0;0;0;0;0;0;0
25/09/2016 22:35;48060;MARKINA-XEMEIN;3632;100,00;2359;64,95;35,05;9;0,38;6;0,25;2353;99,75;1193;50,89;34;1,45;0;0,00;1;0,04;32;1,36;3;0,12;4;0,17;6;0,25;0;0,00;0;0,00;902;38,48;0;0,00;168;7,16;1;0,04;0;0,00;0;0,00;-;-;0;0;0;0;0;0;0;0;0;0;0;0;0;0;0;0;0
25/09/2016 22:35;48061;MARURI-JATABE;765;100,00;558;72,94;27,06;0;0,00;4;0,72;554;99,28;306;55,23;22;3,97;1;0,18;0;0,00;15;2,70;6;1,08;1;0,18;6;1,08;0;0,00;2;0,36;131;23,64;0;0,00;56;10,10;3;0,54;0;0,00;5;0,90;-;-;0;0;0;0;0;0;0;0;0;0;0;0;0;0;0;0;0
25/09/2016 22:35;48062;MENDATA;302;100,00;234;77,48;22,52;1;0,43;0;0,00;234;100,00;126;54,07;0;0,00;0;0,00;0;0,00;1;0,42;0;0,00;1;0,42;1;0,42;0;0,00;0;0,00;86;36,90;0;0,00;18;7,72;0;0,00;0;0,00;0;0,00;-;-;0;0;0;0;0;0;0;0;0;0;0;0;0;0;0;0;0
25/09/2016 22:35;48063;MENDEXA;371;100,00;282;76,01;23,99;1;0,35;5;1,77;277;98,23;134;48,55;2;0,72;2;0,72;0;0,00;5;1,81;2;0,72;0;0,00;0;0,00;0;0,00;0;0,00;114;41,30;0;0,00;16;5,79;1;0,36;0;0,00;0;0,00;-;-;0;0;0;0;0;0;0;0;0;0;0;0;0;0;0;0;0
25/09/2016 22:35;48064;MEÑAKA;602;100,00;442;73,42;26,58;1;0,23;1;0,23;441;99,77;208;47,27;4;0,90;0;0,00;0;0,00;2;0,45;1;0,22;2;0,45;0;0,00;0;0,00;0;0,00;186;42,27;0;0,00;34;7,72;2;0,45;0;0,00;1;0,22;-;-;0;0;0;0;0;0;0;0;0;0;0;0;0;0;0;0;0
25/09/2016 22:35;48065;UGAO-MIRABALLES;3294;100,00;2186;66,36;33,64;9;0,41;13;0,59;2173;99,41;970;44,82;90;4,15;1;0,04;1;0,04;163;7,53;13;0,60;4;0,18;18;0,83;2;0,09;0;0,00;598;27,63;0;0,00;280;12,93;21;0,97;0;0,00;3;0,13;-;-;0;0;0;0;0;0;0;0;0;0;0;0;0;0;0;0;0
25/09/2016 22:35;48066;MORGA;350;100,00;272;77,71;22,29;0;0,00;0;0,00;272;100,00;169;62,13;4;1,47;0;0,00;0;0,00;0;0,00;2;0,73;0;0,00;0;0,00;1;0,36;0;0,00;83;30,51;0;0,00;13;4,77;0;0,00;0;0,00;0;0,00;-;-;0;0;0;0;0;0;0;0;0;0;0;0;0;0;0;0;0
25/09/2016 22:35;48067;MUXIKA;1155;100,00;819;70,91;29,09;3;0,37;1;0,12;818;99,88;381;46,74;7;0,85;0;0,00;0;0,00;10;1,22;2;0,24;1;0,12;6;0,73;2;0,24;1;0,12;342;41,96;0;0,00;62;7,60;1;0,12;0;0,00;0;0,00;-;-;0;0;0;0;0;0;0;0;0;0;0;0;0;0;0;0;0
25/09/2016 22:35;48068;MUNDAKA;1553;100,00;1147;73,86;26,14;6;0,52;8;0,70;1139;99,30;673;59,39;10;0,88;1;0,08;0;0,00;16;1,41;3;0,26;1;0,08;3;0,26;1;0,08;0;0,00;324;28,59;0;0,00;98;8,64;3;0,26;0;0,00;0;0,00;-;-;0;0;0;0;0;0;0;0;0;0;0;0;0;0;0;0;0
25/09/2016 22:35;48069;MUNGIA;12795;100,00;8315;64,99;35,01;40;0,48;39;0,47;8276;99,53;4337;52,65;572;6,94;4;0,04;5;0,06;404;4,90;47;0,57;15;0,18;147;1,78;13;0,15;5;0,06;1675;20,33;0;0,00;944;11,46;50;0,60;0;0,00;18;0,21;-;-;0;0;0;0;0;0;0;0;0;0;0;0;0;0;0;0;0
25/09/2016 22:35;48070;AULESTI;540;100,00;378;70,00;30,00;0;0,00;4;1,06;374;98,94;123;32,88;1;0,26;0;0,00;0;0,00;0;0,00;0;0,00;0;0,00;1;0,26;0;0,00;0;0,00;234;62,56;0;0,00;15;4,01;0;0,00;0;0,00;0;0,00;-;-;0;0;0;0;0;0;0;0;0;0;0;0;0;0;0;0;0
25/09/2016 22:35;48071;MUSKIZ;6097;100,00;4031;66,11;33,89;17;0,42;25;0,62;4006;99,38;1805;45,24;134;3,35;6;0,15;5;0,12;572;14,33;35;0,87;3;0,07;41;1,02;2;0,05;0;0,00;626;15,69;0;0,00;730;18,30;21;0,52;0;0,00;9;0,22;-;-;0;0;0;0;0;0;0;0;0;0;0;0;0;0;0;0;0
25/09/2016 22:35;48072;OTXANDIO;969;100,00;743;76,68;23,32;3;0,40;3;0,40;740;99,60;291;39,48;10;1,35;0;0,00;0;0,00;13;1,76;1;0,13;0;0,00;0;0,00;0;0,00;0;0,00;373;50,61;0;0,00;46;6,24;2;0,27;0;0,00;1;0,13;-;-;0;0;0;0;0;0;0;0;0;0;0;0;0;0;0;0;0
25/09/2016 22:35;48073;ONDARROA;6884;100,00;4362;63,36;36,64;30;0,69;21;0,48;4341;99,52;1646;38,18;129;2,99;2;0,04;1;0,02;74;1,71;15;0,34;2;0,04;11;0,25;2;0,04;0;0,00;2057;47,71;0;0,00;366;8,48;5;0,11;0;0,00;1;0,02;-;-;0;0;0;0;0;0;0;0;0;0;0;0;0;0;0;0;0
25/09/2016 22:35;48074;URDUÑA/ORDUÑA;3299;100,00;2222;67,35;32,65;12;0,54;16;0,72;2206;99,28;953;43,43;142;6,47;0;0,00;0;0,00;140;6,38;5;0,22;8;0,36;26;1,18;1;0,04;2;0,09;637;29,03;0;0,00;264;12,03;12;0,54;0;0,00;4;0,18;-;-;0;0;0;0;0;0;0;0;0;0;0;0;0;0;0;0;0
25/09/2016 22:35;48075;OROZKO;2020;100,00;1399;69,26;30,74;14;1,00;9;0,64;1390;99,36;742;53,92;53;3,85;1;0,07;0;0,00;32;2,32;8;0,58;1;0,07;13;0,94;4;0,29;0;0,00;367;26,67;0;0,00;150;10,90;3;0,21;0;0,00;2;0,14;-;-;0;0;0;0;0;0;0;0;0;0;0;0;0;0;0;0;0
25/09/2016 22:35;48076;SUKARRIETA;311;100,00;234;75,24;24,76;2;0,85;1;0,43;233;99,57;149;64,50;7;3,03;0;0,00;1;0,43;4;1,73;0;0,00;0;0,00;1;0,43;0;0,00;0;0,00;56;24,24;0;0,00;13;5,62;0;0,00;0;0,00;0;0,00;-;-;0;0;0;0;0;0;0;0;0;0;0;0;0;0;0;0;0
25/09/2016 22:35;48077;PLENTZIA;3367;100,00;2363;70,18;29,82;7;0,30;3;0,13;2360;99,87;1216;51,67;139;5,90;1;0,04;0;0,00;115;4,88;15;0,63;2;0,08;36;1,52;4;0,16;1;0,04;528;22,43;0;0,00;278;11,81;15;0,63;0;0,00;3;0,12;-;-;0;0;0;0;0;0;0;0;0;0;0;0;0;0;0;0;0
25/09/2016 22:35;48078;PORTUGALETE;38475;100,00;23258;60,45;39,55;135;0,58;107;0,46;23151;99,54;8008;34,79;2286;9,93;13;0,05;46;0,19;4808;20,88;192;0,83;42;0,18;451;1,95;28;0,12;4;0,01;2654;11,53;0;0,00;4277;18,58;167;0,72;0;0,00;40;0,17;-;-;0;0;0;0;0;0;0;0;0;0;0;0;0;0;0;0;0
25/09/2016 22:35;48079;ERRIGOITI;426;100,00;326;76,53;23,47;3;0,92;1;0,31;325;99,69;139;43,16;5;1,55;0;0,00;0;0,00;3;0,93;1;0,31;0;0,00;1;0,31;0;0,00;0;0,00;138;42,85;0;0,00;35;10,86;0;0,00;0;0,00;0;0,00;-;-;0;0;0;0;0;0;0;0;0;0;0;0;0;0;0;0;0
25/09/2016 22:35;48080;VALLE DE TRÁPAGA-TRAPAGARAN;9968;100,00;6201;62,21;37,79;30;0,48;48;0,77;6153;99,23;2367;38,65;328;5,35;3;0,04;5;0,08;1059;17,29;46;0,75;2;0,03;89;1,45;6;0,09;1;0,01;977;15,95;0;0,00;1205;19,67;27;0,44;0;0,00;8;0,13;-;-;0;0;0;0;0;0;0;0;0;0;0;0;0;0;0;0;0
25/09/2016 22:35;48081;LEZAMA;1870;100,00;1370;73,26;26,74;7;0,51;10;0,73;1360;99,27;745;55,06;43;3,17;0;0,00;0;0,00;43;3,17;6;0,44;2;0,14;6;0,44;1;0,07;1;0,07;376;27,79;0;0,00;121;8,94;9;0,66;0;0,00;0;0,00;-;-;0;0;0;0;0;0;0;0;0;0;0;0;0;0;0;0;0
25/09/2016 22:35;48082;SANTURTZI;37491;100,00;22504;60,03;39,97;131;0,58;96;0,43;22408;99,57;8721;39,14;1667;7,48;14;0,06;30;0,13;3439;15,43;190;0,85;27;0,12;386;1,73;26;0,11;5;0,02;3282;14,73;0;0,00;4220;18,94;221;0,99;0;0,00;49;0,21;-;-;0;0;0;0;0;0;0;0;0;0;0;0;0;0;0;0;0
25/09/2016 22:35;48083;ORTUELLA;6947;100,00;4371;62,92;37,08;34;0,78;23;0,53;4348;99,47;1585;36,74;152;3,52;4;0,09;6;0,13;718;16,64;40;0,92;8;0,18;39;0,90;1;0,02;1;0,02;607;14,07;0;0,00;1123;26,03;23;0,53;0;0,00;7;0,16;-;-;0;0;0;0;0;0;0;0;0;0;0;0;0;0;0;0;0
25/09/2016 22:35;48084;SESTAO;22359;100,00;12757;57,06;42,94;85;0,67;81;0,63;12676;99,37;4951;39,32;976;7,75;5;0,03;13;0,10;2184;17,34;105;0,83;17;0,13;177;1,40;23;0,18;11;0,08;1519;12,06;0;0,00;2460;19,53;121;0,96;0;0,00;29;0,23;-;-;0;0;0;0;0;0;0;0;0;0;0;0;0;0;0;0;0
25/09/2016 22:35;48085;SOPELA;10355;100,00;6686;64,57;35,43;34;0,51;32;0,48;6654;99,52;2851;43,06;300;4,53;1;0,01;8;0,12;421;6,35;69;1,04;10;0,15;103;1,55;9;0,13;6;0,09;1693;25,57;0;0,00;1093;16,51;38;0,57;0;0,00;18;0,27;-;-;0;0;0;0;0;0;0;0;0;0;0;0;0;0;0;0;0
25/09/2016 22:35;48086;SOPUERTA;2061;100,00;1339;64,97;35,03;9;0,67;12;0,90;1327;99,10;640;48,55;41;3,11;1;0,07;1;0,07;87;6,60;8;0,60;4;0,30;14;1,06;0;0,00;0;0,00;297;22,53;0;0,00;218;16,54;4;0,30;0;0,00;3;0,22;-;-;0;0;0;0;0;0;0;0;0;0;0;0;0;0;0;0;0
25/09/2016 22:35;48087;TRUCIOS-TURTZIOZ;430;100,00;335;77,91;22,09;1;0,30;3;0,90;332;99,10;211;63,74;27;8,15;0;0,00;0;0,00;14;4,22;1;0,30;1;0,30;1;0,30;1;0,30;0;0,00;46;13,89;0;0,00;25;7,55;4;1,20;0;0,00;0;0,00;-;-;0;0;0;0;0;0;0;0;0;0;0;0;0;0;0;0;0
25/09/2016 22:35;48088;UBIDE;137;100,00;102;74,45;25,55;0;0,00;0;0,00;102;100,00;27;26,47;2;1,96;0;0,00;0;0,00;0;0,00;1;0,98;1;0,98;0;0,00;0;0,00;0;0,00;57;55,88;0;0,00;14;13,72;0;0,00;0;0,00;0;0,00;-;-;0;0;0;0;0;0;0;0;0;0;0;0;0;0;0;0;0
25/09/2016 22:35;48089;URDULIZ;3310;100,00;2175;65,71;34,29;16;0,74;9;0,41;2166;99,59;1065;49,53;78;3,62;2;0,09;2;0,09;128;5,95;24;1,11;1;0,04;33;1,53;2;0,09;1;0,04;492;22,88;0;0,00;310;14,41;7;0,32;0;0,00;5;0,23;-;-;0;0;0;0;0;0;0;0;0;0;0;0;0;0;0;0;0
25/09/2016 22:35;48090;BALMASEDA;6004;100,00;4138;68,92;31,08;26;0,63;58;1,40;4080;98,60;2037;50,24;215;5,30;1;0,02;4;0,09;517;12,75;17;0,41;16;0,39;48;1,18;6;0,14;1;0,02;603;14,87;0;0,00;554;13,66;30;0,74;0;0,00;5;0,12;-;-;0;0;0;0;0;0;0;0;0;0;0;0;0;0;0;0;0
25/09/2016 22:35;48091;ATXONDO;1111;100,00;760;68,41;31,59;10;1,32;5;0,66;755;99,34;325;43,62;15;2,01;0;0,00;0;0,00;29;3,89;5;0,67;1;0,13;5;0,67;0;0,00;0;0,00;297;39,86;0;0,00;61;8,18;6;0,80;0;0,00;1;0,13;-;-;0;0;0;0;0;0;0;0;0;0;0;0;0;0;0;0;0
25/09/2016 22:35;48092;BEDIA;840;100,00;572;68,10;31,90;8;1,40;0;0,00;572;100,00;323;57,26;27;4,78;1;0,17;0;0,00;22;3,90;2;0,35;5;0,88;2;0,35;0;0,00;0;0,00;120;21,27;0;0,00;57;10,10;4;0,70;0;0,00;1;0,17;-;-;0;0;0;0;0;0;0;0;0;0;0;0;0;0;0;0;0
25/09/2016 22:35;48093;AREATZA;890;100,00;666;74,83;25,17;2;0,30;5;0,75;661;99,25;294;44,61;32;4,85;0;0,00;0;0,00;14;2,12;1;0,15;0;0,00;6;0,91;0;0,00;0;0,00;268;40,66;0;0,00;38;5,76;3;0,45;0;0,00;3;0,45;-;-;0;0;0;0;0;0;0;0;0;0;0;0;0;0;0;0;0
25/09/2016 22:35;48094;IGORRE;3148;100,00;2187;69,47;30,53;13;0,59;8;0,37;2179;99,63;1053;48,61;43;1,98;3;0,13;0;0,00;66;3,04;7;0,32;1;0,04;19;0,87;3;0,13;2;0,09;790;36,47;0;0,00;173;7,98;5;0,23;0;0,00;1;0,04;-;-;0;0;0;0;0;0;0;0;0;0;0;0;0;0;0;0;0
25/09/2016 22:35;48095;ZALDIBAR;2341;100,00;1466;62,62;37,38;8;0,55;6;0,41;1460;99,59;463;31,88;110;7,57;0;0,00;1;0,06;203;13,98;5;0,34;5;0,34;19;1,30;2;0,13;1;0,06;433;29,82;0;0,00;197;13,56;9;0,61;0;0,00;4;0,27;-;-;0;0;0;0;0;0;0;0;0;0;0;0;0;0;0;0;0
25/09/2016 22:35;48096;ZALLA;6566;100,00;4627;70,47;29,53;33;0,71;50;1,08;4577;98,92;2430;53,47;178;3,91;1;0,02;1;0,02;376;8,27;26;0,57;12;0,26;55;1,21;5;0,11;1;0,02;694;15,27;0;0,00;723;15,91;27;0,59;0;0,00;15;0,33;-;-;0;0;0;0;0;0;0;0;0;0;0;0;0;0;0;0;0
25/09/2016 22:35;48097;ZARATAMO;1298;100,00;815;62,79;37,21;2;0,25;5;0,61;810;99,39;356;44,05;35;4,33;0;0,00;1;0,12;61;7,54;7;0,86;0;0,00;10;1,23;0;0,00;1;0,12;205;25,37;0;0,00;126;15,59;6;0,74;0;0,00;0;0,00;-;-;0;0;0;0;0;0;0;0;0;0;0;0;0;0;0;0;0
25/09/2016 22:35;48901;DERIO;4878;100,00;3260;66,83;33,17;25;0,77;21;0,64;3239;99,36;1448;45,05;178;5,53;0;0,00;3;0,09;440;13,69;34;1,05;10;0,31;57;1,77;3;0,09;2;0,06;503;15,65;0;0,00;510;15,86;21;0,65;0;0,00;5;0,15;-;-;0;0;0;0;0;0;0;0;0;0;0;0;0;0;0;0;0
25/09/2016 22:35;48902;ERANDIO;18939;100,00;11347;59,91;40,09;71;0,63;76;0,67;11271;99,33;4750;42,41;684;6,10;4;0,03;7;0,06;1604;14,32;105;0,93;12;0,10;179;1,59;22;0,19;7;0,06;1672;14,92;0;0,00;1950;17,41;110;0,98;0;0,00;94;0,83;-;-;0;0;0;0;0;0;0;0;0;0;0;0;0;0;0;0;0
25/09/2016 22:35;48903;LOIU;1817;100,00;1309;72,04;27,96;7;0,53;6;0,46;1303;99,54;803;61,95;127;9,79;1;0,07;0;0,00;51;3,93;14;1,08;0;0,00;21;1,62;2;0,15;0;0,00;162;12,50;0;0,00;113;8,71;2;0,15;0;0,00;0;0,00;-;-;0;0;0;0;0;0;0;0;0;0;0;0;0;0;0;0;0
25/09/2016 22:35;48904;SONDIKA;3493;100,00;2430;69,57;30,43;15;0,62;15;0,62;2415;99,38;1286;53,58;176;7,33;0;0,00;1;0,04;161;6,70;22;0,91;3;0,12;39;1,62;3;0,12;1;0,04;412;17,16;0;0,00;287;11,95;6;0,25;0;0,00;3;0,12;-;-;0;0;0;0;0;0;0;0;0;0;0;0;0;0;0;0;0
25/09/2016 22:35;48905;ZAMUDIO;2545;100,00;1733;68,09;31,91;10;0,58;12;0,69;1721;99,31;862;50,37;47;2,74;0;0,00;1;0,05;96;5,61;10;0,58;3;0,17;20;1,16;2;0,11;0;0,00;475;27,76;0;0,00;188;10,98;5;0,29;0;0,00;2;0,11;-;-;0;0;0;0;0;0;0;0;0;0;0;0;0;0;0;0;0
25/09/2016 22:35;48906;FORUA;767;100,00;557;72,62;27,38;2;0,36;2;0,36;555;99,64;285;51,53;11;1,98;0;0,00;0;0,00;14;2,53;0;0,00;2;0,36;1;0,18;0;0,00;0;0,00;207;37,43;0;0,00;33;5,96;0;0,00;0;0,00;0;0,00;-;-;0;0;0;0;0;0;0;0;0;0;0;0;0;0;0;0;0
25/09/2016 22:35;48907;KORTEZUBI;346;100,00;283;81,79;18,21;0;0,00;0;0,00;283;100,00;164;57,95;2;0,70;0;0,00;0;0,00;3;1,06;0;0,00;0;0,00;1;0,35;0;0,00;0;0,00;98;34,62;0;0,00;15;5,30;0;0,00;0;0,00;0;0,00;-;-;0;0;0;0;0;0;0;0;0;0;0;0;0;0;0;0;0
25/09/2016 22:35;48908;MURUETA;249;100,00;203;81,53;18,47;4;1,97;1;0,49;202;99,51;102;51,51;4;2,02;0;0,00;0;0,00;3;1,51;0;0,00;0;0,00;1;0,50;0;0,00;0;0,00;74;37,37;0;0,00;14;7,07;0;0,00;0;0,00;0;0,00;-;-;0;0;0;0;0;0;0;0;0;0;0;0;0;0;0;0;0
25/09/2016 22:35;48909;NABARNIZ;209;100,00;177;84,69;15,31;1;0,56;1;0,56;176;99,44;61;34,85;0;0,00;0;0,00;0;0,00;0;0,00;0;0,00;0;0,00;0;0,00;0;0,00;0;0,00;102;58,28;0;0,00;12;6,85;0;0,00;0;0,00;0;0,00;-;-;0;0;0;0;0;0;0;0;0;0;0;0;0;0;0;0;0
25/09/2016 22:35;48910;IURRETA;2892;100,00;1835;63,45;36,55;3;0,16;0;0,00;1835;100,00;730;39,84;140;7,64;2;0,10;1;0,05;227;12,39;9;0,49;3;0,16;27;1,47;2;0,10;1;0,05;487;26,58;0;0,00;194;10,58;7;0,38;0;0,00;2;0,10;-;-;0;0;0;0;0;0;0;0;0;0;0;0;0;0;0;0;0
25/09/2016 22:35;48911;AJANGIZ;382;100,00;291;76,18;23,82;2;0,69;0;0,00;291;100,00;94;32,52;1;0,34;0;0,00;0;0,00;0;0,00;1;0,34;0;0,00;0;0,00;0;0,00;0;0,00;175;60,55;0;0,00;18;6,22;0;0,00;0;0,00;0;0,00;-;-;0;0;0;0;0;0;0;0;0;0;0;0;0;0;0;0;0
25/09/2016 22:35;48912;ALONSOTEGI;2316;100,00;1649;71,20;28,80;21;1,27;15;0,91;1634;99,09;732;45,38;63;3,90;0;0,00;2;0,12;132;8,18;13;0,80;0;0,00;19;1,17;1;0,06;1;0,06;383;23,74;0;0,00;261;16,18;6;0,37;0;0,00;0;0,00;-;-;0;0;0;0;0;0;0;0;0;0;0;0;0;0;0;0;0
25/09/2016 22:35;48913;ZIERBENA;1246;100,00;857;68,78;31,22;13;1,52;17;1,98;840;98,02;437;52,84;29;3,50;0;0,00;0;0,00;34;4,11;5;0,60;0;0,00;7;0,84;0;0,00;0;0,00;173;20,91;0;0,00;139;16,80;2;0,24;0;0,00;1;0,12;-;-;0;0;0;0;0;0;0;0;0;0;0;0;0;0;0;0;0
25/09/2016 22:35;48914;ARRATZU;328;100,00;279;85,06;14,94;1;0,36;1;0,36;278;99,64;155;55,95;0;0,00;0;0,00;0;0,00;1;0,36;0;0,00;0;0,00;0;0,00;0;0,00;0;0,00;107;38,62;0;0,00;14;5,05;0;0,00;0;0,00;0;0,00;-;-;0;0;0;0;0;0;0;0;0;0;0;0;0;0;0;0;0
25/09/2016 22:35;48915;ZIORTZA - BOLIBAR;363;100,00;256;70,52;29,48;1;0,39;0;0,00;256;100,00;110;43,13;3;1,17;0;0,00;0;0,00;1;0,39;0;0,00;0;0,00;0;0,00;0;0,00;0;0,00;137;53,72;0;0,00;3;1,17;0;0,00;0;0,00;1;0,39;-;-;0;0;0;0;0;0;0;0;0;0;0;0;0;0;0;0;0
